c_id;item_name;item_code
6488.0;APPPHI59F8B6B455D00;4573.0
6488.0;APPJAC59BD028F4A12A;3993.0
6660.0;MEFIGN5A7993436A247-36;7278.0
9677.0;HASQAR5A5369A2BCAEB;6625.0
9677.0;HASQAR5A618CBE0B442;6767.0
9677.0;HASQAR5A5369391B6F4;6654.0
9677.0;SOGALM5A8BD55915F08;7229.0
4080.0;HASQAR5A53698FA5EF3;6800.0
4080.0;HASONC59AC64DFADA78;3562.0
6093.0;BAGSAM59AC8372E3C8C;5295.0
6093.0;BAGSAE5A002F055F2B6;5564.0
6093.0;APPTHU5A0B50CD45242;5714.0
1355.0;WOFGUL5A8C7106B8F7A;7344.0
10033.0;HASQAR5A53693A9C1C8;6638.0
10033.0;HALDYN5A002995AEC9A;5122.0
10033.0;AME5A82D3149EC4A;7264.0
10033.0;SOGAMB5A2E67122360F;6392.0
10033.0;HALHOM59DF3D7E16D99;6371.0
2831.0;DET59F31AB0BCEDF;5196.0
2831.0;MOR59F333319808D;4258.0
2831.0;MOR5A816ECA30809;7100.0
378.0;COMADA59DB756418C7D;4137.0
3751.0;WOFDEA59F1ED66017E1;6276.0
8031.0;BAGBER59DDB81889340;4297.0
8031.0;BAGBER59DDB82035D64;4298.0
1499.0;APPORI59E0BB9677C32;6302.0
8673.0;HASQAR5A7449994BBA7;6845.0
8673.0;HASQAR5A53698E5B971;6660.0
9217.0;MEFBIS5A79917C12017;7106.0
3350.0;MEFDEA59F75B0BA0EF0-L;5668.0
4972.0;APPORI59D49C8D26FDA;4999.0
5411.0;SOGALM5A8BD55C356EA;7198.0
5411.0;HAR5A816ECAE120A;6950.0
5411.0;HALDYN5A0029AC8AC95;6059.0
1499.0;APPORI59E0BB9677C32;6302.0
1374.0;WOFSIT5A993A4F73E13;7386.0
18.0;HALANG59F333EEDD4C6;4598.0
8673.0;HASQAR5A618CC120963;6816.0
8673.0;HASQAR5A5369922FF49;6687.0
8673.0;HASQAR5A744999A7B52;6833.0
8673.0;HASQAR5A53693D2F6FF;7099.0
8673.0;HASQAR5A53698D0BD6F;6658.0
8673.0;HASQAR5A618CCE63D2D;6722.0
8673.0;HASQAR5A53698E5B971;6660.0
8673.0;HASQAR5A7449994BBA7;6845.0
8673.0;HASQAR5A5369144BA78;6780.0
1689.0;BAGSAE5A0035E429474;4367.0
8673.0;HASQAR5A74499CC8610;7270.0
8673.0;HASQAR5A7449994BBA7;6845.0
8673.0;HASQAR5A744999A7B52;6833.0
8673.0;HASQAR5A53690C21B79;6698.0
8673.0;HASQAR5A5369353973B;6744.0
8673.0;HASQAR5A618CB95E324;6945.0
8673.0;HASQAR5A5369158AFE2;6768.0
8673.0;HASQAR5A5369144BA78;6780.0
8673.0;HASQAR5A618CBFB1863;7156.0
4342.0;MEFKUR59ACE564D0137;3735.0
8673.0;HASQAR5A53690C21B79;6698.0
8673.0;HASQAR5A744998A7D44;7249.0
8673.0;HASQAR5A53697A43A60;6730.0
224.0;SOGAMB5A09BA2372A3B;5955.0
224.0;SOGAMB5A698D0993A60;6808.0
224.0;SOGALM5A8BD561CA84E;7203.0
4106.0;MATNOK5A781E66CB661;7013.0
353.0;MOR5A816ECA30809;7100.0
6955.0;BAGSTY59F9C10CDFF3D;5419.0
3146.0;APPDAW5A8154EB1FF7E;7374.0
8771.0;HALSHO59F869434E6A4;5399.0
8771.0;HALSHO59F837F47252E;5359.0
3936.0;HASDZI59AC85335A467;3624.0
8673.0;HASQAR5A53697A43A60;6730.0
8673.0;HASQAR5A744999A7B52;6833.0
8673.0;HASQAR5A5369462510C;6840.0
8673.0;HASQAR5A5369A2BCAEB;6625.0
8673.0;HASQAR5A53691FC8D4B;6686.0
8673.0;HASQAR5A618CCE63D2D;6722.0
8673.0;HASQAR5A618DB1481E7;7402.0
4423.0;MEFKUR59ACE564D0137;3735.0
2661.0;MEFKUR59AD968DC5416;3838.0
8673.0;HASQAR5A7449994BBA7;6845.0
8673.0;HASQAR5A53693D2F6FF;7099.0
8673.0;HASQAR5A536987ECB68;6906.0
8673.0;HASQAR5A7449994BBA7;6845.0
8007.0;APPORI59E0BB9677C32;6302.0
8007.0;APPORI59E0BB9677C32;6302.0
4040.0;APPGAB59F8AEE1E5325;4490.0
8449.0;APPNAT5A018FEDA562F;4411.0
2013.0;MOR59F333319808D;4258.0
2013.0;DET59F31AB0BCEDF;5196.0
2013.0;BAGLOR5A12C5B831E9C;6026.0
9435.0;MEFBIS59ACE0423D1E5;3710.0
830.0;MEFMIL5A7DBB76B703D-M;7398.0
1722.0;SOGALM5A8BD55915F08;7229.0
10012.0;MATROM59DCD0CA7B341;5045.0
2348.0;SOGSND5A437540871D2;6544.0
4255.0;KNO59D64DAC18B6C;3948.0
4346.0;MOR5A816ECA30809;7100.0
1881.0;BAGDOV5A099F4EF3FFA;6194.0
1881.0;HAR5A816ECAE120A;6950.0
831.0;WOFDEA5A279DA14235C;6879.0
4106.0;HAR5A816ECAE120A;6950.0
485.0;ENTORI5A8D3C794E5AC;7137.0
2269.0;SOGAMB5A2E671651624;6380.0
2269.0;SOGAMB5A09BA25616A0;5134.0
1074.0;MEFMIL5A7DBB76B703D-M;7398.0
1074.0;HAR5A816ECAE120A;6950.0
8673.0;HASQAR5A536944C458A;6643.0
8673.0;HASQAR5A53699ADA7FA;6739.0
8673.0;HASQAR5A5369353973B;6744.0
947.0;MEFTEL59AC647DE7571;3896.0
8673.0;HASQAR5A5369A2BCAEB;6625.0
8673.0;HASQAR5A53699375950;7271.0
3388.0;MEFDEA5A27C2E6F142C;6346.0
3388.0;MEFKUR59AD968DC5416;3838.0
3910.0;APPDAW59E0BC5C6B1E7;4166.0
3873.0;WOFSIT5A993A524597B;7313.0
3873.0;WOFSIT5A993A4F73E13;7386.0
2189.0;DET59F31AB0BCEDF;5196.0
3909.0;BAGBER59AC6F0A3B570;3833.0
8895.0;HALTHU59FADBAD5039D;5258.0
5994.0;APPSOG59DFA52343BC6;6061.0
8673.0;HASQAR5A53695BBF279;6995.0
8673.0;HASQAR5A7449994BBA7;6845.0
3094.0;NIM59C0C6920B9BF;3743.0
3094.0;SOGAMB5A2E67122360F;6392.0
1004.0;MOR5A816ECA30809;7100.0
1004.0;HAR5A816ECAE120A;6950.0
8024.0;DET59F31AB0BCEDF;5196.0
353.0;MOR5A816ECA30809;7100.0
1004.0;MOR5A816ECA30809;7100.0
8168.0;MOR59F333319808D;4258.0
8168.0;MOR59F333319808D;4258.0
490.0;MATBIG59AC91438A68A;3511.0
8673.0;HASQAR5A53698E5B971;6660.0
8673.0;HASQAR5A744999A7B52;6833.0
8673.0;HASQAR5A7449994BBA7;6845.0
8673.0;HASQAR5A618CC120963;6816.0
900.0;KNO59D64DAF36939;3949.0
8673.0;HASQAR5A5369922FF49;6687.0
8673.0;HASQAR5A5369034ECAE;6685.0
8673.0;HASQAR5A7449994BBA7;6845.0
8673.0;HASQAR5A744999A7B52;6833.0
9780.0;MEFALH59ACF0B5E49BF;6572.0
9780.0;MEFDEA59D38D8F0DB9F-L;4538.0
3143.0;WOFVST5A93B3459E903;7242.0
1446.0;MEFDEA59F75B0BA0EF0-L;5668.0
9888.0;APPKEN5A7C191D84D3C;7119.0
9808.0;APPNAT5A0A01860CE92;5413.0
8673.0;HASQAR5A744998A7D44;7249.0
8673.0;HASQAR5A5369144BA78;6780.0
8673.0;HASQAR5A53698E5B971;6660.0
8673.0;HASQAR5A53693D2F6FF;7099.0
8673.0;HASQAR5A53697A43A60;6730.0
8673.0;HASQAR5A5369353973B;6744.0
8673.0;HASQAR5A53698E5B971;6660.0
8673.0;HASQAR5A5369641059E;6650.0
8673.0;HASQAR5A687F255CCE7;6815.0
8673.0;HASQAR5A53695A94E5C;7031.0
8673.0;HASQAR5A74499AE11F9;6824.0
8673.0;HASQAR5A536970F0677;6731.0
8673.0;HASQAR5A53696A68DF3;6659.0
8673.0;HASQAR5A5369034ECAE;6685.0
8673.0;HASQAR5A5369353973B;6744.0
4162.0;SOGAMB5A09BA25AF0A9;5372.0
4162.0;APPHED59CDF9B511F55;6233.0
9942.0;APPEXP59D49D4BEE741;4086.0
1402.0;HALANG59F334A66A7A9;6018.0
1810.0;MEFDEA5A27C2E6F142C;6346.0
1290.0;SOGAMB5A09BA246645E;5019.0
1290.0;SOGAMB5A09BA2372A3B;5955.0
1290.0;SOGAMB5A2E671651624;6380.0
4428.0;MEFDEA59F75B1E9D5E4-L;5377.0
4670.0;MEFMYD5A9E5E46D085F;7433.0
8673.0;HASQAR5A618CB95E324;6945.0
8673.0;HASQAR5A53693A9C1C8;6638.0
8673.0;HASQAR5A53699375950;7271.0
8673.0;HASQAR5A53693D2F6FF;7099.0
353.0;MOR5A816ECA30809;7100.0
8673.0;HASQAR5A53698E5B971;6660.0
10007.0;MOR5A816ECA30809;7100.0
907.0;PAM59F0572493D39;6590.0
8771.0;HALNAD59E0ACB2BD88F;5361.0
4814.0;HALSHO59F869405A255;5749.0
4814.0;HALSHO59F8375B9DED0;5183.0
8673.0;HASQAR5A53698FA5EF3;6800.0
8673.0;HASQAR5A5369A55D17F;7316.0
8673.0;HASQAR5A53699ADA7FA;6739.0
8673.0;HASQAR5A53690743A5D;6769.0
8673.0;HASQAR5A5369034ECAE;6685.0
8673.0;HASQAR5A744998A7D44;7249.0
8673.0;HASQAR5A536970F0677;6731.0
8673.0;HASQAR5A618DB1481E7;7402.0
8673.0;HASQAR5A5369922FF49;6687.0
8673.0;HASQAR5A9F9E9A26160;7319.0
8410.0;WOFVST5A93B347DDD7B;7409.0
4410.0;BAGKEM59FADB56D4AE6;6826.0
4410.0;HALSHO59F82E0B3AEED;4582.0
984.0;WOFVST5A93B347DDD7B;7409.0
984.0;KNO59D64DAC18B6C;3948.0
8673.0;HASQAR5A618CCA752C4;7299.0
8673.0;HASQAR5A5369353973B;6744.0
8673.0;HASQAR5A53695BBF279;6995.0
8673.0;HASQAR5A5369922FF49;6687.0
240.0;MEFECH5A5DC3EAAE4C7-L;6930.0
3910.0;APPNEW5A900E7ED2764;7390.0
4744.0;SOGAMB5A09BA25616A0;5134.0
4744.0;SOGMDF5A09BC0C28DAD;6174.0
4744.0;SOGAMB5A09BA223044F;5373.0
4744.0;SOGAMB5A09BA22CD8BE;5017.0
4744.0;SOGAMB5A09BA24189C2;6122.0
4744.0;SOGAMB5A09BA260C768;5211.0
2747.0;BKSTRA59F192793463E;4281.0
9114.0;WOFVST5A93B3459E903;7242.0
8673.0;HASQAR5A74499AE11F9;6824.0
8673.0;HASQAR5A744999A7B52;6833.0
8673.0;HASQAR5A618DB1481E7;7402.0
8673.0;HASQAR5A53691FC8D4B;6686.0
8673.0;HASQAR5A5369A2BCAEB;6625.0
8673.0;HASQAR5A5369462510C;6840.0
8673.0;HASQAR5A618CCE63D2D;6722.0
8673.0;HASQAR5A618CC063535;6771.0
8673.0;HASQAR5A744999A7B52;6833.0
8673.0;HASQAR5A5369A55D17F;7316.0
8673.0;HASQAR5A5369A2BCAEB;6625.0
8673.0;HASQAR5A687F255CCE7;6815.0
8673.0;HASQAR5AA61A514A427;7353.0
8673.0;HASQAR5A536980727AB;6639.0
4690.0;SOGAMB5A2E67122360F;6392.0
4690.0;SOGAMB5A2E6712D257D;6529.0
8673.0;HASQAR5A5369A2BCAEB;6625.0
8673.0;HASQAR5A7449994BBA7;6845.0
8673.0;HASQAR5A53697A43A60;6730.0
8673.0;HASQAR5A5369034ECAE;6685.0
1309.0;HALDYN5A0029AC8AC95;6059.0
2929.0;HALBUK5A013F87DB79F;5723.0
3986.0;APPGAB59FDA0F5CD42D;4930.0
8168.0;MOR59F333319808D;4258.0
8168.0;MOR59F333319808D;4258.0
8168.0;MOR59F333319808D;4258.0
8168.0;MOR59F333319808D;4258.0
8168.0;MOR59F333319808D;4258.0
8673.0;HASQAR5A5369353973B;6744.0
8673.0;HASQAR5A5369922FF49;6687.0
8673.0;HASQAR5A5369353973B;6744.0
8673.0;HASQAR5A5369922FF49;6687.0
8673.0;HASQAR5A744998A7D44;7249.0
2763.0;WOFKAR5A7C14159D862-S;7396.0
2763.0;WOFKAR5A7C14159D862-L;7292.0
2763.0;WOFKAR5A7C1421A59E0-L;6920.0
2763.0;MEFKAR5A7C13F10C4B3;6860.0
407.0;WOFGUL59C24CAA2B44C;6691.0
407.0;WOFGUL59C24CC9BE5D9;6301.0
1126.0;WOFVST5A93B3459E903;7242.0
1126.0;SOGAMB5A2E67122360F;6392.0
8673.0;HASQAR5A53693D2F6FF;7099.0
219.0;HALDYN5A0029B311E6C;6991.0
8496.0;COMA4T5A09A73313F44;4981.0
3360.0;KAR59E85CA11E740;6020.0
3360.0;KAR59E85CC41099D;5567.0
3360.0;KAR59E85CDD98814;6310.0
3360.0;KAR59E85CC756AB3;4162.0
3360.0;HALDYN5A0029A470DE4;5788.0
4045.0;APPROY59BD023B7689B;3821.0
8673.0;HASQAR5A7449994BBA7;6845.0
8673.0;HASQAR5A53697A43A60;6730.0
8567.0;WOFGUL59BAA9DE6AD01;5928.0
8673.0;HASQAR5A744998A7D44;7249.0
8673.0;HASQAR5A53697A43A60;6730.0
3440.0;WOFGUL59ACD3F32F181;3515.0
5427.0;APPORI59D49C100A4F1;6029.0
10012.0;MATINF5A61FBB8820B3;6775.0
5117.0;APPDAW5A802A7DAD4DF;6987.0
6622.0;ENTNOB5A4633C950FAD;6552.0
9398.0;MATSAM5A7463EE3C1A5;7219.0
4246.0;MATSAM5A7463EE3C1A5;7219.0
4246.0;MATSAM5A7463EE3C1A5;7219.0
2371.0;MATSAM5A7463EE3C1A5;7219.0
9938.0;MATINF5A61FBB572173;6748.0
4255.0;MATHUA5A731DFC8C5D7;6825.0
9841.0;MATHUA5A731DFC8C5D7;6825.0
137.0;MATINF5A82CE2F20D8F;6973.0
9938.0;MATINF5A82CE2F20D8F;6973.0
9114.0;BAGDOV5A099F4EF3FFA;6194.0
2371.0;MATHUA5A731DFC8C5D7;6825.0
9973.0;HASQAR5A9509140D5A0;7295.0
9938.0;MATINF5A61FBB8820B3;6775.0
9973.0;MOR59F333319808D;4258.0
4121.0;APPEXP59D49D4BEE741;4086.0
4121.0;MOR5A816ECA30809;7100.0
4121.0;PSO5A434829C02CA;6596.0
4885.0;APPEXP59D49D4BEE741;4086.0
4885.0;PSO5A434829C02CA;6596.0
4885.0;MOR5A816ECA30809;7100.0
3831.0;WOFVST5A93B3459E903;7242.0
3831.0;WOFIMA59AD8F3776FC4;3808.0
9283.0;BAGDOV5A099F4EF3FFA;6194.0
959.0;BAGDOV5A099F4EF3FFA;6194.0
959.0;KNO59D64DAC18B6C;3948.0
959.0;KNO59D64DAF36939;3949.0
959.0;SOF5A74618F1CD83;6989.0
5371.0;WOFGUL59C24CF5419A6;7432.0
5371.0;BAGSAE5A002F0A16016;4849.0
9369.0;BAGDOV5A099F4EF3FFA;6194.0
9369.0;BAGSUN5A9413AFB8484;7272.0
9369.0;SOGAMB5A2E67122360F;6392.0
8168.0;MOR59F333319808D;4258.0
8168.0;KNO59D64DAF36939;3949.0
1085.0;WOFVST5A93B3459E903;7242.0
1848.0;APPCAM59BA8ECCD23F0;4321.0
1349.0;WOFGUL59ACD1BB6E6B1;6370.0
8168.0;MOR59F333319808D;4258.0
8168.0;KNO59D64DAF36939;3949.0
8168.0;MOR59F333319808D;4258.0
8168.0;KNO59D64DAF36939;3949.0
8168.0;MOR59F333319808D;4258.0
8168.0;KNO59D64DAF36939;3949.0
8168.0;MOR59F333319808D;4258.0
8168.0;KNO59D64DAF36939;3949.0
4059.0;MATHUA5A73146142571;7274.0
4059.0;SOGALM5A8BD55915F08;7229.0
985.0;HASQAR5A618CC063535;6771.0
985.0;HASQAR5AA75A531696E;7355.0
6950.0;KABNAD59E0AB2785384;4940.0
6950.0;KABNAD59E0AB2AB1782;5128.0
3986.0;APPORI59DDDAB79889D;7460.0
1064.0;WOFVST5A93B3459E903;7242.0
5578.0;MATSAM5A7463EE3C1A5;7219.0
3092.0;WOFGUL59C24CF5419A6;7432.0
3092.0;WOFGUL59BAAAB7269EE;6805.0
4457.0;MATSAM5A7463EE3C1A5;7219.0
5782.0;APPDAW59E0BC5C6B1E7;4166.0
8468.0;WOFGUL59AD7DB2379AC;6274.0
6797.0;MATSAM5A7463EE3C1A5;7219.0
444.0;MOR5A816ECA30809;7100.0
444.0;BAGVEE5A86819211057;7095.0
444.0;DET59F31AB0BCEDF;5196.0
9163.0;APPGAB59F8AEE1E5325;4490.0
6497.0;APPPHI5A06BF2E14721;4857.0
4097.0;ENTNOB5A4633C950FAD;6552.0
9163.0;ENTNOB5A4633C950FAD;6552.0
2371.0;APPDAW5A802A7DAD4DF;6987.0
5578.0;MATSAM5A7463EE3C1A5;7219.0
2013.0;HASQAR5A9509140D5A0;7295.0
4164.0;MATSAM5A7463EE3C1A5;7219.0
857.0;APPORI59D49CEFCA785;5700.0
483.0;BAGDOV5A099F4F52FAF;6241.0
483.0;KNO59D64DAF36939;3949.0
444.0;MOR5A816ECA30809;7100.0
4164.0;MATSAM5A7463EE3C1A5;7219.0
2013.0;HASQAR5A9509140D5A0;7295.0
2013.0;BAGSAE5A002F0E57F42;5562.0
2013.0;BAGSAE5A002F04EBDF3;4478.0
2013.0;BAGSAE5A002F041D698;4485.0
622.0;WOFGUL59C2434A8E286;6403.0
4130.0;MATSAM5A7463EE3C1A5;7219.0
4130.0;MATSAM5A7463EE3C1A5;7219.0
4130.0;MATSAM5A7463EE3C1A5;7219.0
1971.0;HALSHO59F82E0B3AEED;4582.0
1971.0;HALSHO59F8669F78A2D;4920.0
9299.0;APPNAT5A0A01860CE92;5413.0
9299.0;APPDAW59E0BC5F6107E;4333.0
8903.0;ENTNOB5A4633C950FAD;6552.0
9299.0;APPDAW59E0BC5F6107E;4333.0
9299.0;APPNAT5A0A01860CE92;5413.0
1316.0;ENTNOB5A4633C950FAD;6552.0
247.0;MATSAM5A7463EE3C1A5;7219.0
2013.0;HASQAR5A9509140D5A0;7295.0
98.0;MOR5A8D58C2CB90C;7222.0
98.0;SNO5A685DB296774;6783.0
98.0;SOGALM5A8BD55915F08;7229.0
98.0;SOGALM5A8BD561CA84E;7203.0
8024.0;JAZ5A5F32D789415;6545.0
8024.0;JAZ5A5F32CFCAF24;7377.0
8024.0;MOR59F333319808D;4258.0
8024.0;HASQAR5A53691192C5D;6624.0
8024.0;HASQAR5A618CBE0B442;6767.0
8024.0;HASQAR5A53693BDD568;6637.0
4121.0;HASQAR5A536980727AB;6639.0
4121.0;HASQAR5A53693BDD568;6637.0
1569.0;HASQAR5A5369034ECAE;6685.0
98.0;BAGKRO5A0AC7CFC931A;4653.0
98.0;BAGBER59DDB81C02060;4208.0
98.0;SOGALM5A8BD55915F08;7229.0
4121.0;HASQAR5A53693BDD568;6637.0
4121.0;HASQAR5A536980727AB;6639.0
330.0;APPGAB59F8AEE1E5325;4490.0
330.0;APPNAT5A0A01860CE92;5413.0
392.0;BAGSUN5A9413AFB8484;7272.0
4885.0;HASQAR5A53693BDD568;6637.0
4885.0;HASQAR5A53697CDEBB5;6640.0
9780.0;APPNAT5A0A01860CE92;5413.0
1085.0;WOFVST5A93B34864DFD;7436.0
2698.0;SOGAMB5A2E671470128;6372.0
2698.0;SOGAMB5A2E6713BB9AD;6394.0
8346.0;MOR5A816ECA30809;7100.0
1898.0;APPCAM59BA8ECFD444E;5325.0
2552.0;HASQAR5A9509140D5A0;7295.0
680.0;ENTSMA59DCCCBF25DAC;7017.0
1115.0;MATTEL5A462528E403F;6538.0
247.0;BAGGAR5A0A925B2283D;5175.0
247.0;MATTEL5A462528E403F;6538.0
3910.0;APPDAW59E0BC5C6B1E7;4166.0
2145.0;HASQAR5A53693BDD568;6637.0
3055.0;KNO59D64DAF36939;3949.0
3055.0;KIT59C0C7E1EB6BA;6366.0
3055.0;AME5A82D3149EC4A;7264.0
984.0;WOFGUL59ACD3F32F181;3515.0
6653.0;WOFVST5A93B34864DFD;7436.0
9369.0;MATHUA5AA6562AC6B1F;7428.0
9369.0;BAGSUN5A9413AFB8484;7272.0
9369.0;BAGDOV5A099F4EF3FFA;6194.0
680.0;APPNAD59E0ACF0E1C5A;6407.0
680.0;MATAUD5A4B234260ACA;6594.0
7733.0;APPCAM59BA8DFE661A4;4271.0
9283.0;APPORI59DDDAB79889D;7460.0
9283.0;BAGSUN5A9413AFB8484;7272.0
9283.0;HASQAR5A618CBFB1863;7156.0
7733.0;APPCAM59BA8E0176188;4475.0
538.0;APPCAM59BA8E0176188;4475.0
3061.0;HASQAR5A53693BDD568;6637.0
3061.0;KNO59D64DAF36939;3949.0
4061.0;MATBIS5A06C28E47950;4830.0
1842.0;MATTEL5A462528E403F;6538.0
4488.0;HALEMA59AC70ED76836;3488.0
4488.0;MEFECH5A5DC3EAAE4C7-XL;6710.0
9283.0;APPORI59DDDAB79889D;7460.0
9283.0;BAGSUN5A9413AFB8484;7272.0
9283.0;HASQAR5A53693A9C1C8;6638.0
3855.0;WOFVST5A93B3459E903;7242.0
3855.0;APPNAT5A018FEDA562F;4411.0
330.0;MOR5A816ECA30809;7100.0
330.0;SNO5A685DB296774;6783.0
1303.0;SOGAMB5A2E671470128;6372.0
1303.0;SOGAMB5A09BA25616A0;5134.0
1303.0;SOGAMB5A2E671507BC4;6373.0
1110.0;APPNAT5A0A01860CE92;5413.0
2552.0;HASQAR5A618CBFB1863;7156.0
2552.0;HASQAR5A53693A9C1C8;6638.0
2552.0;KNO59D64DAF36939;3949.0
2941.0;DET59F31AB0BCEDF;5196.0
2552.0;HASQAR5A950338603F8;7243.0
2552.0;HASQAR5A53693A9C1C8;6638.0
2552.0;HASQAR5A618CBFB1863;7156.0
1476.0;HALSHO5A3233B072EDA;6417.0
1476.0;HALSHO59F868954412F;5453.0
4474.0;MATSAM5AAB5AEE5DBA7;7430.0
4505.0;MATSAM5AAB5AEE5DBA7;7430.0
4075.0;MATSAM5AAB5AEE5DBA7;7430.0
4179.0;KNO59D64DAF36939;3949.0
4179.0;RAF59D64DB567970;3858.0
4179.0;JAZ5A5F32D789415;6545.0
4179.0;HASQAR5A94FDE167F16;7315.0
4179.0;HASQAR5A53691192C5D;6624.0
985.0;HASQAR5A5369034ECAE;6685.0
985.0;SOGAMB5A698D0993A60;6808.0
4312.0;MOR59F333319808D;4258.0
4312.0;MOR5A8D58C2CB90C;7222.0
4312.0;JAZ5A5F32D789415;6545.0
8024.0;HASQAR5A9509140D5A0;7295.0
8024.0;HASQAR5A618CBFB1863;7156.0
2533.0;RAF59D64DB567970;3858.0
2533.0;MOR5A8D599F8FB3D;7173.0
2533.0;JAZ5A5F32C714B12;7368.0
2371.0;ENTSAM5A264AF81A12C;7418.0
2371.0;ENTSAM5A7BE6883BCB7;6977.0
7217.0;WOFGUL59ACCFEB85465;4193.0
7217.0;WOFGUL59ACD1BB6E6B1;6370.0
1834.0;WOFVST5A93B3459E903;7242.0
1834.0;WOFVST5A93B347DDD7B;7409.0
8024.0;HASQAR5A9509140D5A0;7295.0
9872.0;MATSAM5A7463EE3C1A5;7219.0
985.0;KIT59C0C7E1EB6BA;6366.0
2371.0;ENTSAM5A7BE6883BCB7;6977.0
2371.0;ENTSAM5A264AF81A12C;7418.0
4101.0;MATSAM5A7463EE3C1A5;7219.0
4907.0;BAGFT5A3272925D642;6559.0
151.0;SOGALM5A8BD55915F08;7229.0
2552.0;MOR5A816ECA30809;7100.0
421.0;SOGAMB5A311E96D12BC;6450.0
421.0;SOGAMB5A311E521B90F;6423.0
8446.0;BAGDOV5A099F4EF3FFA;6194.0
8446.0;BAGDOV5A099F4EF3FFA;6194.0
8673.0;HASQAR5A53691E612D5;6689.0
8673.0;HASQAR5A7449994BBA7;6845.0
8673.0;HASQAR5A618CCA752C4;7299.0
8673.0;HASQAR5A618CB95E324;6945.0
8673.0;HASQAR5A53693BDD568;6637.0
8673.0;HASQAR5A53693A9C1C8;6638.0
8673.0;HASQAR5A5369353973B;6744.0
2763.0;MEFKAR5A7C138CE9EBD-S;7288.0
2763.0;MEFKAR5A7C138CE9EBD-XS;7294.0
2763.0;MEFKAR5A7C138CE9EBD-XL;7284.0
2763.0;MEFKAR5A7C138CE9EBD-L;7285.0
8673.0;HASQAR5A53698D0BD6F;6658.0
8673.0;HASQAR5A618CB80A201;6763.0
8673.0;HASQAR5A53691E612D5;6689.0
8673.0;HASQAR5A5369855C039;7280.0
8673.0;HASQAR5A53699375950;7271.0
8673.0;HASQAR5A53691FC8D4B;6686.0
8673.0;HASQAR5A5369034ECAE;6685.0
8673.0;HASQAR5A53691192C5D;6624.0
2924.0;SOGBUT59AC9E00557A1;3491.0
8446.0;BAGDOV5A099F4EF3FFA;6194.0
280.0;COMSEA59D7279A08B6A;3935.0
8446.0;BAGDOV5A099F4EF3FFA;6194.0
8673.0;HASQAR5A5369034ECAE;6685.0
8673.0;HASQAR5A53698E5B971;6660.0
8673.0;HASQAR5A7449994BBA7;6845.0
8673.0;HASQAR5A744999A7B52;6833.0
8673.0;HASQAR5A618CC120963;6816.0
8673.0;HASQAR5A5369641059E;6650.0
8673.0;HASQAR5A744999A7B52;6833.0
8673.0;HASQAR5A53698D0BD6F;6658.0
8673.0;HASQAR5A744999A7B52;6833.0
8673.0;HASQAR5A744999A7B52;6833.0
8673.0;HASQAR5A5369353973B;6744.0
8673.0;HASQAR5A53691FC8D4B;6686.0
8673.0;HASQAR5A618DB1481E7;7402.0
8673.0;HASQAR5A618CCE63D2D;6722.0
8673.0;HASQAR5A744999A7B52;6833.0
8673.0;HASQAR5A618CC26C7FB;7250.0
8673.0;HASQAR5A5369A2BCAEB;6625.0
8673.0;HASQAR5A744999A7B52;6833.0
8673.0;HASQAR5A53696A68DF3;6659.0
8673.0;HASQAR5A53698D0BD6F;6658.0
8673.0;HASQAR5A618CCA752C4;7299.0
8673.0;HASQAR5A744999A7B52;6833.0
8673.0;HASQAR5A53697A43A60;6730.0
8673.0;HASQAR5A53698E5B971;6660.0
8673.0;HASQAR5A7449994BBA7;6845.0
8673.0;HASQAR5A5369158AFE2;6768.0
8673.0;HASQAR5A618CB95E324;6945.0
8508.0;APPORI59DDDAB79889D;7460.0
8673.0;HASQAR5A744999A7B52;6833.0
8673.0;HASQAR5A5369922FF49;6687.0
8673.0;HASQAR5A7449994BBA7;6845.0
8673.0;HASQAR5A9F9E9A26160;7319.0
8673.0;HASQAR5A53698E5B971;6660.0
8673.0;HASQAR5A5369353973B;6744.0
8673.0;HASQAR5A744999A7B52;6833.0
1225.0;MEFPIE59ACB5C8B5296;6091.0
79.0;SOGAMB5A698D0993A60;6808.0
9780.0;MEFEMO59AC2210F1AC4-M;3727.0
8446.0;BAGDOV5A099F4EF3FFA;6194.0
1290.0;SOGAMB5A311E51C55FC;6421.0
1290.0;SOGAMB5A09BA246645E;5019.0
5010.0;MEFWIN59C9078997B25;6047.0
9674.0;MEFNAR59C3926693491;3769.0
8446.0;BAGDOV5A099F4EF3FFA;6194.0
79.0;SOGAMB5A698D0993A60;6808.0
8673.0;HASQAR5A53698E5B971;6660.0
8673.0;HASQAR5A53691BB27CE;6684.0
8673.0;HASQAR5A7449994BBA7;6845.0
8673.0;HASQAR5A744999A7B52;6833.0
8673.0;HASQAR5A687F255CCE7;6815.0
8673.0;HASQAR5A53691FC8D4B;6686.0
8673.0;HASQAR5A536970F0677;6731.0
421.0;SOGAMB5A311E96D12BC;6450.0
421.0;SOGAMB5A09BA246645E;5019.0
421.0;SOGAMB5A09BA2510C50;5203.0
10007.0;MOR5A816ECA30809;7100.0
3477.0;ENTANY59DCCD1AC74C6;5409.0
4041.0;ENTANY59DCCD1AC74C6;5409.0
8714.0;APPGAB59F8AEE1E5325;4490.0
8232.0;BAGBER59DDB8237F6D4;4296.0
8232.0;MEFDEA5A27C2E6F142C;6346.0
8232.0;BAGDOV5A099F4EF3FFA;6194.0
1842.0;BAGDOV5A099F4EF3FFA;6194.0
8446.0;BAGDOV5A099F4EF3FFA;6194.0
8446.0;BAGDOV5A099F4EF3FFA;6194.0
4736.0;APPSOG59DFA52343BC6;6061.0
22.0;COMSMA59DCD0E6027C6;4586.0
6293.0;WOFVST5A93B34864DFD;7436.0
6293.0;WOFVST5A93B3459E903;7242.0
6293.0;WOFVST5A93B347DDD7B;7409.0
1722.0;WOFVST5A93B3459E903;7242.0
1722.0;WOFVST5A93B34864DFD;7436.0
1722.0;BAGMAS59AC6F72757E0;6345.0
4040.0;APPGAB5A03123139C0F;5614.0
8673.0;HASQAR5A53698D0BD6F;6658.0
8673.0;HASQAR5A53698E5B971;6660.0
8673.0;HASQAR5A744999A7B52;6833.0
8673.0;HASQAR5A7449994BBA7;6845.0
8673.0;HASQAR5A7449994BBA7;6845.0
8673.0;HASQAR5A7449994BBA7;6845.0
8673.0;HASQAR5A618CCE63D2D;6722.0
8673.0;HASQAR5A618CB95E324;6945.0
8673.0;HASQAR5A536987ECB68;6906.0
8446.0;BAGDOV5A099F4EF3FFA;6194.0
1242.0;WOFVST5A93B3459E903;7242.0
8508.0;APPGAB5A0197E01A817;5494.0
8673.0;HASQAR5A53695A94E5C;7031.0
8673.0;HASQAR5A53696A68DF3;6659.0
8673.0;HASQAR5A74499CC8610;7270.0
8673.0;HASQAR5A53698E5B971;6660.0
8673.0;HASQAR5A7449994BBA7;6845.0
8673.0;HASQAR5A744999A7B52;6833.0
8673.0;HASQAR5A5369922FF49;6687.0
8673.0;HASQAR5A744999A7B52;6833.0
8673.0;HASQAR5A53699375950;7271.0
8673.0;HASQAR5A618DB1481E7;7402.0
8673.0;HASQAR5A744998A7D44;7249.0
8673.0;HASQAR5A618CC87F440;7357.0
8673.0;HASQAR5A53691E612D5;6689.0
8500.0;WOFALK5A8D090061AE8;7197.0
8699.0;WOFVST5A93B3459E903;7242.0
4615.0;MEFECH5A5DC3EAAE4C7-L;6930.0
8673.0;HASQAR5A9F9E9A26160;7319.0
8673.0;HASQAR5A618CC120963;6816.0
8673.0;HASQAR5A5369034ECAE;6685.0
8673.0;HASQAR5A53698D0BD6F;6658.0
8673.0;HASQAR5A5369922FF49;6687.0
8673.0;HASQAR5A7449994BBA7;6845.0
2625.0;WOFVST5A93B34864DFD;7436.0
2625.0;WOFVST5A93B347DDD7B;7409.0
8673.0;HASQAR5A53697A43A60;6730.0
8673.0;HASQAR5A5369034ECAE;6685.0
8673.0;HASQAR5A536987ECB68;6906.0
8673.0;HASQAR5A53697A43A60;6730.0
5202.0;APPNAT5A0A01860CE92;5413.0
2906.0;HALEMA59AC70ED76836;3488.0
1161.0;WOFALK5A12AD1D25899;5931.0
1161.0;WOFALK5A8D0901D1F5F;7175.0
8245.0;WOFVST5A93B3459E903;7242.0
1126.0;WOFVST5A93B3459E903;7242.0
1126.0;SOGAMB5A2E67122360F;6392.0
4814.0;WOFALK5A8D08E779676;7176.0
8673.0;HASQAR5A7449994BBA7;6845.0
8673.0;HASQAR5A53696D38271;6799.0
8673.0;HASQAR5A7449994BBA7;6845.0
8673.0;HASQAR5A744999A7B52;6833.0
8673.0;HASQAR5A74499AE11F9;6824.0
8673.0;HASQAR5A53698D0BD6F;6658.0
8673.0;HASQAR5A744998A7D44;7249.0
8673.0;HASQAR5A744999A7B52;6833.0
8673.0;HASQAR5A5369922FF49;6687.0
8673.0;HASQAR5A53697A43A60;6730.0
8673.0;HASQAR5A5369353973B;6744.0
8673.0;HASQAR5A687F255CCE7;6815.0
8673.0;HASQAR5A5369034ECAE;6685.0
8673.0;HASQAR5A536970F0677;6731.0
8673.0;HASQAR5AA61A514A427;7353.0
8673.0;HASQAR5A5369353973B;6744.0
8673.0;HASQAR5A7449994BBA7;6845.0
8673.0;HASQAR5A53695A94E5C;7031.0
8673.0;HASQAR5A5369353973B;6744.0
8673.0;HASQAR5A744999A7B52;6833.0
8673.0;HASQAR5A74499AE11F9;6824.0
8673.0;HASQAR5A5369922FF49;6687.0
8673.0;HASQAR5A536970F0677;6731.0
8673.0;HASQAR5A74499CC8610;7270.0
8673.0;HASQAR5A53697A43A60;6730.0
8673.0;HASQAR5A5369353973B;6744.0
8673.0;HASQAR5A618CCA752C4;7299.0
8673.0;HASQAR5A74499CC8610;7270.0
8673.0;HASQAR5A7449994BBA7;6845.0
8673.0;HASQAR5A744999A7B52;6833.0
15.0;SOGAMB5A698D0993A60;6808.0
8673.0;HASQAR5A53697A43A60;6730.0
8673.0;HASQAR5A744999A7B52;6833.0
8673.0;HASQAR5A74499AE11F9;6824.0
8673.0;HASQAR5A53691E612D5;6689.0
8673.0;HASQAR5A5369353973B;6744.0
8673.0;HASQAR5A5369353973B;6744.0
8673.0;HASQAR5A53695A94E5C;7031.0
8673.0;HASQAR5A536970F0677;6731.0
8673.0;HASQAR5A7449994BBA7;6845.0
8673.0;HASQAR5A9F9E9A26160;7319.0
8673.0;HASQAR5A5369353973B;6744.0
9369.0;SOGAMB5A2E67122360F;6392.0
9369.0;BAGSUN5A9413AFB8484;7272.0
8673.0;HASQAR5A618CB762B6E;6803.0
8673.0;HASQAR5A5369034ECAE;6685.0
8673.0;HASQAR5A618CBFB1863;7156.0
8673.0;HASQAR5A7449994BBA7;6845.0
8673.0;HASQAR5A744999A7B52;6833.0
8673.0;HASQAR5A618CC063535;6771.0
3305.0;BAGDOV5A099F4EF3FFA;6194.0
1842.0;HASSAU5A059288F37D1;4578.0
151.0;HASQAR5A53693BDD568;6637.0
151.0;SOGMDF5A09BC14091FF;6218.0
151.0;TAR59EDB8A30D992;4603.0
5023.0;APPGAB5A03123139C0F;5614.0
5023.0;SOGAMB5A2E67122360F;6392.0
8232.0;BAGBER59DDB8237F6D4;4296.0
2552.0;HASQAR5A53693BDD568;6637.0
2552.0;HASQAR5A618CBFB1863;7156.0
2552.0;APPGAB5A03123139C0F;5614.0
8673.0;HASQAR5A53697A43A60;6730.0
8673.0;HASQAR5A53699ED5813;6649.0
8673.0;HASQAR5A744999A7B52;6833.0
8673.0;HASQAR5A618CCE63D2D;6722.0
8673.0;HASQAR5A53691FC8D4B;6686.0
8673.0;HASQAR5A618DB1481E7;7402.0
79.0;APPNAT5A0A01860CE92;5413.0
174.0;SOGAMB5A698D0993A60;6808.0
9189.0;MATHUA5AA6562AC6B1F;7428.0
1842.0;MATTEL5A462528E403F;6538.0
1842.0;ENTTCL5A7FEF9523346;6990.0
4460.0;APPNAT59AC8ADF3C22C;5273.0
6166.0;HALSHO59F867778CFE7;5829.0
8245.0;WOFHYP5A4DD51370D86;7085.0
8673.0;HASQAR5A618CD20957A;6853.0
8673.0;HASQAR5A53697A43A60;6730.0
8673.0;HASQAR5A536970F0677;6731.0
8673.0;HASQAR5A53698E5B971;6660.0
8673.0;HASQAR5A7449994BBA7;6845.0
8673.0;HASQAR5A744998A7D44;7249.0
8673.0;HASQAR5A5369353973B;6744.0
8673.0;HASQAR5A53691E612D5;6689.0
8673.0;HASQAR5A744998A7D44;7249.0
8673.0;HASQAR5A5369A2BCAEB;6625.0
8673.0;HASQAR5A53698E5B971;6660.0
8673.0;HASQAR5A53698D0BD6F;6658.0
8673.0;HASQAR5A53691E612D5;6689.0
8673.0;HASQAR5A7449994BBA7;6845.0
8673.0;HASQAR5A744998A7D44;7249.0
3209.0;SOGAMB5A09BA22CD8BE;5017.0
3209.0;SOGAMB5A311E5263660;7190.0
4790.0;DET59F31AB0BCEDF;5196.0
7440.0;SOGMAY5A09B5F0EAACB;6290.0
7776.0;HASTEL59AC64610C79E;6124.0
8673.0;HASQAR5A744999A7B52;6833.0
8673.0;HASQAR5A5369A2BCAEB;6625.0
8673.0;HASQAR5A618CC26C7FB;7250.0
8673.0;HASQAR5A53691FC8D4B;6686.0
8673.0;HASQAR5A618CB95E324;6945.0
8673.0;HASQAR5A53697A43A60;6730.0
8673.0;HASQAR5A53691E612D5;6689.0
8585.0;SNO5A685DB296774;6783.0
8710.0;MEFMUN5A0ACC3A894BE-10;4632.0
485.0;APPPEL59FF42F50CAD3;4709.0
3234.0;MATSUP5A818CA6ABBCA;7442.0
3973.0;COMTOO59D51847732F0;4023.0
151.0;SOGAMB5A2E671651624;6380.0
151.0;SOGAMB5A2E67122360F;6392.0
151.0;SOGAMB5A311E51C55FC;6421.0
3566.0;WOFLAL5A8FD021668B7;7296.0
9942.0;APPDAW5A812866584D4;6965.0
582.0;APPBIN59AC8F3A515E5;3485.0
9189.0;MATHUA5AA6562AC6B1F;7428.0
9189.0;BAGFAI5A099F5119CB7;5897.0
553.0;APPNAT5A0A01860CE92;5413.0
8323.0;WOFSIT5A993A4910916;7310.0
8323.0;WOFSIT5A993A4910916;7310.0
6473.0;BAGLOR5A12C5B831E9C;6026.0
8673.0;HASQAR5A74499A4A28D;6997.0
8673.0;HASQAR5A74499AE11F9;6824.0
8673.0;HASQAR5A53693D2F6FF;7099.0
8673.0;HASQAR5A53695A94E5C;7031.0
8407.0;MATBIG59AC914BAE024;4391.0
3986.0;APPNEW5A900E7ED2764;7390.0
9552.0;ENTLIV5A8A951237F9F;7268.0
1308.0;COMSMA59DCCF36639CB;4002.0
8673.0;HASQAR5A618CCA752C4;7299.0
8673.0;HASQAR5A618CC26C7FB;7250.0
8673.0;HASQAR5A53691FC8D4B;6686.0
900.0;BAGDOV5A099F4EF3FFA;6194.0
8673.0;HASQAR5A5369034ECAE;6685.0
8673.0;HASQAR5A5369144BA78;6780.0
8673.0;HASQAR5A618CBE0B442;6767.0
8673.0;HASQAR5A618CD20957A;6853.0
8673.0;HASQAR5A53691E612D5;6689.0
8673.0;HASQAR5A53691192C5D;6624.0
4080.0;HASONC59AC64DFADA78;3562.0
4309.0;ENTANY59DCCD1AC74C6;5409.0
3711.0;HALEMA59AC6330E7A5D;3873.0
1025.0;HALEMA59AC6330E7A5D;3873.0
8673.0;HASQAR5A5369353973B;6744.0
8673.0;HASQAR5A53698D0BD6F;6658.0
8673.0;HASQAR5A7449994BBA7;6845.0
8673.0;HASQAR5A5369A2BCAEB;6625.0
8673.0;HASQAR5A53698E5B971;6660.0
8673.0;HASQAR5A744999A7B52;6833.0
8673.0;HASQAR5A5369144BA78;6780.0
8673.0;HASQAR5A5369158AFE2;6768.0
8673.0;HASQAR5A744998A7D44;7249.0
8673.0;HASQAR5A5369353973B;6744.0
8673.0;HASQAR5A74499AE11F9;6824.0
10048.0;DET59F31AB0BCEDF;5196.0
8656.0;BAGSAE5A002F04EBDF3;4478.0
9525.0;HASQAR5A53695BBF279;6995.0
5734.0;APPNAT5A0A01860CE92;5413.0
4312.0;JAZ5A5F32C714B12;7368.0
8673.0;HASQAR5A5369353973B;6744.0
8673.0;HASQAR5A7449994BBA7;6845.0
8673.0;HASQAR5A5369034ECAE;6685.0
8673.0;HASQAR5A53698D0BD6F;6658.0
8673.0;HASQAR5A53693D2F6FF;7099.0
8673.0;HASQAR5A5369353973B;6744.0
8673.0;HASQAR5A53698E5B971;6660.0
8673.0;HASQAR5A687F255CCE7;6815.0
8673.0;HASQAR5A53697A43A60;6730.0
8673.0;HASQAR5A618CC26C7FB;7250.0
8323.0;APPNAT5A0A01860CE92;5413.0
1102.0;SOGAMB5A2E6713BB9AD;6394.0
5091.0;MEFMUN5A0ACC3A894BE-10;4632.0
8673.0;HASQAR5A5369034ECAE;6685.0
1126.0;WOFVST5A93B3459E903;7242.0
1126.0;SOGAMB5A2E67122360F;6392.0
5072.0;COMUNI5A152C87D57EB;6844.0
8929.0;ENTNOB5A4633C950FAD;6552.0
1507.0;DET5A816ECB84C30;6926.0
1968.0;APPBIN59AC8F3A515E5;3485.0
8673.0;HASQAR5A7449994BBA7;6845.0
8673.0;HASQAR5A5369A55D17F;7316.0
8673.0;HASQAR5A618CC120963;6816.0
8673.0;HASQAR5A53695A94E5C;7031.0
8673.0;HASQAR5A53698D0BD6F;6658.0
8673.0;HASQAR5A618CCE63D2D;6722.0
8673.0;HASQAR5A53699ADA7FA;6739.0
8673.0;HASQAR5A7449994BBA7;6845.0
8673.0;HASQAR5A53698E5B971;6660.0
8673.0;HASQAR5A53698D0BD6F;6658.0
8673.0;HASQAR5A5369A2BCAEB;6625.0
8673.0;HASQAR5A5369034ECAE;6685.0
8673.0;HASQAR5A74499A4A28D;6997.0
8673.0;HASQAR5A618CCA752C4;7299.0
8673.0;HASQAR5A7449994BBA7;6845.0
8673.0;HASQAR5A618CCA752C4;7299.0
8673.0;HASQAR5A74499AE11F9;6824.0
1968.0;APPBIN59AC8F3A515E5;3485.0
8673.0;HASQAR5A744999A7B52;6833.0
8673.0;HASQAR5A618CCE63D2D;6722.0
8673.0;HASQAR5A53691FC8D4B;6686.0
8673.0;HASQAR5A618CC26C7FB;7250.0
8673.0;HASQAR5A5369A2BCAEB;6625.0
8673.0;HASQAR5A618DB1481E7;7402.0
8673.0;HASQAR5A53697A43A60;6730.0
8673.0;HASQAR5A7449994BBA7;6845.0
8673.0;HASQAR5A5369353973B;6744.0
8673.0;HASQAR5A53697A43A60;6730.0
8673.0;HASQAR5A618CC91D37B;6797.0
8673.0;HASQAR5A618CC91D37B;6797.0
8673.0;HASQAR5A618CC91D37B;6797.0
8673.0;HASQAR5A74499A4A28D;6997.0
8673.0;HASQAR5A744998A7D44;7249.0
7606.0;APPNAT5A0A01860CE92;5413.0
8673.0;HASQAR5A7449994BBA7;6845.0
8673.0;HASQAR5A618CC91D37B;6797.0
8673.0;HASQAR5A53691FC8D4B;6686.0
8673.0;HASQAR5A5369211D7EC;6661.0
8673.0;HASQAR5A53696A68DF3;6659.0
8673.0;HASQAR5AA75A531696E;7355.0
8673.0;HASQAR5A53699ADA7FA;6739.0
8673.0;HASQAR5A74499AE11F9;6824.0
9552.0;ENTLIV5A8A951237F9F;7268.0
8673.0;HASQAR5A618CBFB1863;7156.0
8673.0;HASQAR5A618CC120963;6816.0
8673.0;HASQAR5A53691192C5D;6624.0
8673.0;HASQAR5A7449994BBA7;6845.0
8673.0;HASQAR5A744999A7B52;6833.0
8673.0;HASQAR5A5369922FF49;6687.0
8673.0;HASQAR5A618CC120963;6816.0
8673.0;HASQAR5A74499AE11F9;6824.0
8673.0;HASQAR5A536970F0677;6731.0
8673.0;HASQAR5A53695BBF279;6995.0
8673.0;HASQAR5A618CC91D37B;6797.0
8673.0;HASQAR5A53698D0BD6F;6658.0
8673.0;HASQAR5A53698E5B971;6660.0
8673.0;HASQAR5A53696A68DF3;6659.0
8673.0;HASQAR5A744999A7B52;6833.0
8673.0;HASQAR5A7449994BBA7;6845.0
4162.0;SOGCRY59ACB3BFA40EA;6217.0
2321.0;NIM59C0C6EF1C520;4049.0
4285.0;HASONC59BA3E209AFCD;4156.0
8318.0;WOFGUL5A8C7106B8F7A;7344.0
8673.0;HASQAR5A5369211D7EC;6661.0
8446.0;BAGDOV5A099F4EF3FFA;6194.0
4712.0;APPHAI5A5715F86F723;7459.0
330.0;APPHAI59FF434541815;4725.0
277.0;APPHAI59FF434541815;4725.0
4951.0;APPHAI59FF434541815;4725.0
9839.0;ENTECO5A0C00E345122;4671.0
9839.0;ENTECO5A0C00E345122;4671.0
9839.0;ENTECO5A0C00E345122;4671.0
9839.0;ENTECO5A0C00E345122;4671.0
4951.0;APPHAI59FF434541815;4725.0
9329.0;APPHAI59FF434541815;4725.0
9958.0;ENTECO5A0C00E345122;4671.0
9958.0;ENTSAM5A7BE6883BCB7;6977.0
9958.0;ENTSAM5A7BE6883BCB7;6977.0
9958.0;ENTSAM5A7BE6883BCB7;6977.0
1468.0;APPHAI59FF434541815;4725.0
9969.0;ENTECO5A46339DE10CD;6554.0
9969.0;ENTECO5A46339DE10CD;6554.0
9969.0;ENTECO5A46339DE10CD;6554.0
9969.0;ENTECO5A46339DE10CD;6554.0
4790.0;ENTSAM5A7BE6883BCB7;6977.0
4852.0;BAGKEM59FADB56D4AE6;6826.0
6340.0;ENTECO5A0C00E345122;4671.0
9729.0;ENTSAM5A7BE6883BCB7;6977.0
3804.0;ENTNOB5A14947A21475;5915.0
7791.0;APPCAM59BA8ECCD23F0;4321.0
9075.0;MATSAM5AAB5AEE5DBA7;7430.0
2484.0;DET5A816ECB84C30;6926.0
2484.0;JAZ5A5F32D789415;6545.0
5891.0;APPPEL5A803D1A42ECA;7018.0
2747.0;APPDAW59E0BC5F6107E;4333.0
2747.0;BKSTRA59F192793463E;4281.0
3985.0;ENTNOB5A14947A21475;5915.0
8964.0;ENTECO5A0C00E345122;4671.0
8964.0;ENTECO5A0C00E345122;4671.0
8964.0;ENTECO5A0C00E345122;4671.0
8966.0;ENTNOB5A14947A21475;5915.0
10034.0;MATSAM5A7463EE3C1A5;7219.0
10034.0;MATSAM5A7463EE3C1A5;7219.0
10034.0;MATSAM5A7463EE3C1A5;7219.0
10034.0;MATSAM5A7463EE3C1A5;7219.0
7875.0;MATSAM5A7463EE3C1A5;7219.0
3180.0;ENTTCL5AAF5A35A222C;7472.0
3180.0;ENTTCL5AAF5A35A222C;7472.0
3180.0;ENTTCL5AAF5A35A222C;7472.0
3180.0;ENTTCL5AAF5A35A222C;7472.0
8869.0;ENTTCL5AAF5A35A222C;7472.0
9727.0;MATSAM5AAB5AEE5DBA7;7430.0
9727.0;MATSAM5A7463EE3C1A5;7219.0
1903.0;ENTECO5A0C00E345122;4671.0
1903.0;ENTECO5A0C00E345122;4671.0
1903.0;ENTNOB5A14947A21475;5915.0
3215.0;ENTNOB5A14947A21475;5915.0
4106.0;MATSAM5A7463EE3C1A5;7219.0
8529.0;MATTEL5A462528E403F;6538.0
3144.0;ENTECO5A0C00E345122;4671.0
4246.0;APPHAI59FF434541815;4725.0
3144.0;ENTECO5A0C00E345122;4671.0
3144.0;ENTECO5A0C00E345122;4671.0
9112.0;MATSAM5A5DF6D4F152F;6788.0
9112.0;MATSAM5A5DF6D4F152F;6788.0
5125.0;ENTECO5A46339DE10CD;6554.0
5125.0;ENTECO5A46339DE10CD;6554.0
8357.0;ENTECO5A0C00E345122;4671.0
1684.0;ENTNOB5A14947A21475;5915.0
1684.0;SOGMDF5A09BC13560E0;4933.0
1684.0;SOGMDF5A09BC14091FF;6218.0
9112.0;MATSAM5A7463EE3C1A5;7219.0
7006.0;HASQAR5A53693BDD568;6637.0
7006.0;HASQAR5A53699375950;7271.0
7006.0;HASQAR5A618CB95E324;6945.0
5444.0;APPHAI59FF434541815;4725.0
461.0;APPNAT5A0A01860CE92;5413.0
9235.0;ENTTCL5AAF5A35A222C;7472.0
503.0;APPPHI59FADF955AFAD;5330.0
490.0;APPNAT5A0A01860CE92;5413.0
664.0;NIM59C0C6EF1C520;4049.0
8446.0;BAGDOV5A099F4EF3FFA;6194.0
8446.0;BAGDOV5A099F4F52FAF;6241.0
3585.0;HASONC59BA3E256A4D0;4155.0
4717.0;ENTNOB5A14947A21475;5915.0
1908.0;ENTSAM5A7BE6883BCB7;6977.0
1521.0;ENTSAM5A54B6543F8A6;6976.0
1521.0;ENTSAM5A54B6543F8A6;6976.0
1521.0;ENTSAM5A54B6543F8A6;6976.0
1521.0;ENTSAM5A54B6543F8A6;6976.0
7104.0;ENTSAM5A54B6543F8A6;6976.0
6297.0;COMHP5A0C1A5546442;4689.0
9484.0;MATSAM5A7463EE3C1A5;7219.0
4362.0;ENTNOB5A14947A21475;5915.0
3530.0;MATSAM5A7463EE3C1A5;7219.0
3973.0;BAGALW5A898FD9C6CCE;7192.0
3973.0;KNO59D64DAF36939;3949.0
5994.0;ENTNOB5A14947A21475;5915.0
9888.0;ENTSAM5A7BE6883BCB7;6977.0
1301.0;ENTGOO5A8FBE46991F9;7236.0
1301.0;COMGOO5A93E41FC7B6B;7235.0
1874.0;APPNAT5A0A01860CE92;5413.0
5762.0;WOFVST5A93B3459E903;7242.0
626.0;WOFHYP5A4DD51370D86;7085.0
1000.0;BAGBUK5A013F79D991F;4577.0
7617.0;BAGDOV5A099F4F52FAF;6241.0
8137.0;BAGDOV5A099F4EF3FFA;6194.0
488.0;SNO5A685DB296774;6783.0
3181.0;COMSMA59DCD0E6027C6;4586.0
1491.0;MATSAM5AAB5AEE5DBA7;7430.0
495.0;HASQAR5A53693BDD568;6637.0
495.0;HASQAR5A618CC063535;6771.0
495.0;SNO5A685DB296774;6783.0
7079.0;ENTSAM5A7BE6883BCB7;6977.0
7079.0;ENTSAM5A7BE6883BCB7;6977.0
7079.0;ENTSAM5A7BE6883BCB7;6977.0
7079.0;ENTSAM5A7BE6883BCB7;6977.0
7617.0;BAGDOV5A099F4F52FAF;6241.0
8673.0;HASQAR5A53698D0BD6F;6658.0
8673.0;HASQAR5A53698E5B971;6660.0
8673.0;HASQAR5A5369A2BCAEB;6625.0
