model,n_time,emb_unit,rnn_unit,drop_rate,learning,acc,loss,hit,map,ndcg,repl,n_epoch,n_train_c,n_val_c
1,8,256,400,0.8,0.0001,0.1365284770727157,1.45750892162323,0.2752408881441139,0.1651747981396388,0.2049879479488793,1,56,19056,4774
1,8,256,400,0.8,0.0001,0.1359763443470001,1.46820068359375,0.2684100418410042,0.1644250460321116,0.2033595795450692,2,56,19050,4780
1,8,256,400,0.8,0.0001,0.1359356790781021,1.52164888381958,0.2716535433070866,0.1631125160763464,0.2044796012847239,3,57,19004,4826
1,8,256,400,0.8,0.0001,0.1368930637836456,1.4976762533187866,0.2771567179919848,0.1619329487281182,0.2033655764705078,4,56,19089,4741
1,8,256,400,0.8,0.0001,0.1363098174333572,1.5002241134643557,0.2731646099142439,0.1633929086257562,0.2058292241130461,5,60,19049,4781
1,8,256,600,0.8,0.0001,0.1376662105321884,1.461710810661316,0.2679095098449937,0.1653566115209244,0.2046384816822362,1,48,19056,4774
1,8,256,600,0.8,0.0001,0.13724385201931,1.4715821743011477,0.2638075313807531,0.1632075811261207,0.2010673409730963,2,46,19050,4780
1,8,256,600,0.8,0.0001,0.1350422650575637,1.5245354175567627,0.2689598010774969,0.1607235375423269,0.201727323902263,3,47,19004,4826
1,8,256,600,0.8,0.0001,0.1379455476999282,1.5007818937301636,0.2695633832524783,0.1623166297555055,0.2014672706710948,4,47,19089,4741
1,8,256,600,0.8,0.0001,0.1385386884212494,1.4973857402801514,0.2629157080108764,0.1613756887052629,0.2001758406502707,5,48,19049,4781
1,8,256,800,0.8,0.0001,0.1389219015836715,1.5041491985321045,0.2586605080831409,0.1597576471970832,0.1964752213272023,1,41,19067,4763
1,8,256,800,0.8,0.0001,0.1353155821561813,1.4842292070388794,0.2738046587658357,0.1642758252769834,0.2044518714625146,2,44,18936,4894
1,8,256,800,0.8,0.0001,0.1398119628429412,1.449054479598999,0.2718611052297269,0.1683470803240569,0.2063382671479074,3,41,19107,4723
1,8,256,800,0.8,0.0001,0.1348638087511062,1.5166118144989014,0.2601643143037708,0.1629285343201369,0.2003398109707089,4,42,19083,4747
1,8,256,800,0.8,0.0001,0.1420151591300964,1.4875661134719849,0.2743121193026675,0.1693777254290207,0.2093784503390164,5,43,19069,4761
1,8,256,1000,0.8,0.0001,0.1380829215049743,1.5052950382232666,0.2555112324165442,0.1601258484609104,0.1960601583615107,1,38,19067,4763
1,8,256,1000,0.8,0.0001,0.134902611374855,1.4863431453704834,0.2693093583980384,0.1618558326487083,0.2016828286007194,2,39,18936,4894
1,8,256,1000,0.8,0.0001,0.1408167630434036,1.4486654996871948,0.2688968875714588,0.1695526884725355,0.2068801772144773,3,38,19107,4723
1,8,256,1000,0.8,0.0001,0.1335299015045166,1.5197186470031738,0.2633242047609016,0.1622756896251695,0.20082848456012,4,37,19083,4747
1,8,256,1000,0.8,0.0001,0.1418748199939727,1.4849003553390503,0.2751522789329972,0.1690907670697996,0.2092874356708178,5,38,19069,4761
1,8,512,400,0.8,0.0001,0.1451229751110077,1.495899319648743,0.2798068849706129,0.1716081761718884,0.213467171072429,1,53,19066,4764
1,8,512,400,0.8,0.0001,0.1409269124269485,1.472891330718994,0.2753290160852308,0.1694535827127337,0.2115673703012079,2,51,19043,4787
1,8,512,400,0.8,0.0001,0.1405753046274185,1.512115716934204,0.2780383795309168,0.1681411266836089,0.2101411929419848,3,52,19140,4690
1,8,512,400,0.8,0.0001,0.1386259943246841,1.5452308654785156,0.2752598752598753,0.1650484846442219,0.2072094793740847,4,54,19020,4810
1,8,512,400,0.8,0.0001,0.1410445123910904,1.493051528930664,0.2895234096157884,0.1729293940931766,0.2173710505050408,5,49,19067,4763
1,8,512,600,0.8,0.0001,0.1430967003107071,1.498493790626526,0.2779177162048699,0.1697952941164655,0.2116302178315341,1,44,19066,4764
1,8,512,600,0.8,0.0001,0.1417670100927353,1.4759657382965088,0.281178190933779,0.1710093212689254,0.21415384124281,2,42,19043,4787
1,8,512,600,0.8,0.0001,0.1403632760047912,1.5129830837249756,0.2816631130063965,0.1706184100919872,0.2138690552529508,3,43,19140,4690
1,8,512,600,0.8,0.0001,0.1393068730831146,1.543468952178955,0.2771309771309771,0.1645295866345522,0.2066480918886215,4,43,19020,4810
1,8,512,600,0.8,0.0001,0.1409744173288345,1.491901159286499,0.2874238925047239,0.1735839051516479,0.2172731532141687,5,42,19067,4763
1,8,512,800,0.8,0.0001,0.1400280892848968,1.485681653022766,0.2832175194777848,0.1703853164659888,0.2126583882545298,1,39,19081,4749
1,8,512,800,0.8,0.0001,0.1414950937032699,1.5006626844406128,0.277351048370355,0.1707390818824397,0.2113829732011174,2,37,19013,4817
1,8,512,800,0.8,0.0001,0.1385080516338348,1.4687362909317017,0.2761864938323228,0.1703131859518254,0.2097202695120828,3,38,19047,4783
1,8,512,800,0.8,0.0001,0.1369694322347641,1.4503915309906006,0.2740518534390401,0.1649239642336389,0.2096062307489393,4,38,19163,4667
1,8,512,800,0.8,0.0001,0.1460857689380645,1.5211135149002075,0.2755610972568578,0.1760039302320404,0.215975834703715,5,36,19018,4812
1,8,512,1000,0.8,0.0001,0.1401685327291488,1.4889798164367676,0.275426405559065,0.1682070908662364,0.2094125454038334,1,36,19081,4749
1,8,512,1000,0.8,0.0001,0.1410114616155624,1.5030747652053833,0.2825410006227942,0.1703066242673855,0.2128672854035282,2,36,19013,4817
1,8,512,1000,0.8,0.0001,0.1349223107099533,1.4720717668533323,0.2674053941041187,0.1643142074661585,0.2039550497898264,3,32,19047,4783
1,8,512,1000,0.8,0.0001,0.1361726820468902,1.4571831226348877,0.2659095778872937,0.1598616421237507,0.2024456355533287,4,34,19163,4667
1,8,512,1000,0.8,0.0001,0.1450646668672561,1.523835062980652,0.2745220282626766,0.1742818545332628,0.2128321729733084,5,34,19018,4812
1,8,1024,400,0.8,0.0001,0.1346220225095749,1.5229300260543823,0.2801851072780816,0.1690365720962655,0.2113264359942989,1,49,19076,4754
1,8,1024,400,0.8,0.0001,0.1460770368576049,1.44749116897583,0.2938177182919056,0.1764581835342333,0.2205691195309758,2,50,19123,4707
1,8,1024,400,0.8,0.0001,0.1394113153219223,1.5263981819152832,0.2779077184775675,0.1684737881663598,0.2113525421956018,3,45,19127,4703
1,8,1024,400,0.8,0.0001,0.1450574100017547,1.4979225397109983,0.281580059146599,0.1714919200287385,0.2144258337437113,4,47,19096,4734
1,8,1024,400,0.8,0.0001,0.1454327702522277,1.516305923461914,0.2964867180805484,0.1739229323732685,0.2208704203974836,5,47,19162,4668
1,8,1024,600,0.8,0.0001,0.1351052820682525,1.524044394493103,0.2793437105595288,0.166503584571236,0.2095515653647262,1,40,19076,4754
1,8,1024,600,0.8,0.0001,0.145934373140335,1.4450507164001465,0.2933928192054387,0.1758997717071573,0.2204871141471405,2,40,19123,4707
1,8,1024,600,0.8,0.0001,0.1412291079759597,1.5241080522537231,0.2798213906017435,0.17054439762443,0.2133320948296906,3,39,19127,4703
1,8,1024,600,0.8,0.0001,0.1461075395345688,1.4974170923233032,0.2845373891001267,0.1714250329807164,0.2139449873514733,4,39,19096,4734
1,8,1024,600,0.8,0.0001,0.1457849144935608,1.51530122756958,0.2947729220222793,0.17355236862266,0.219972349170165,5,38,19162,4668
1,8,1024,800,0.8,0.0001,0.1372299939393997,1.5186020135879517,0.2904812834224599,0.171142886667663,0.2167851693077566,1,34,19155,4675
1,8,1024,800,0.8,0.0001,0.1449557840824127,1.4573007822036743,0.2777085927770859,0.1724283795258209,0.2134942634075005,2,35,19012,4818
1,8,1024,800,0.8,0.0001,0.145778089761734,1.5430350303649902,0.2915688367129135,0.1746973357274747,0.2186498986972981,3,36,19145,4685
1,8,1024,800,0.8,0.0001,0.1427400112152099,1.529199481010437,0.2885375494071146,0.1765573092841893,0.2197917965216697,4,34,19023,4807
1,8,1024,800,0.8,0.0001,0.144361525774002,1.4839533567428589,0.2767875864961208,0.1689623015167101,0.2097231130356282,5,36,19061,4769
1,8,1024,1000,0.8,0.0001,0.1372299939393997,1.5233688354492188,0.2834224598930481,0.1716517777092935,0.2150020632279989,1,33,19155,4675
1,8,1024,1000,0.8,0.0001,0.1449557840824127,1.459758162498474,0.2772934827729348,0.1722423138176372,0.2128609465267855,2,33,19012,4818
1,8,1024,1000,0.8,0.0001,0.144312635064125,1.5456198453903198,0.2887940234791889,0.1730280067155298,0.2160370620432798,3,31,19145,4685
1,8,1024,1000,0.8,0.0001,0.1406217962503433,1.5304399728775024,0.290409819013938,0.175902329675465,0.2200240327309872,4,31,19023,4807
1,8,1024,1000,0.8,0.0001,0.1452681571245193,1.4843004941940308,0.2738519605787377,0.1694525750676252,0.2109796192530392,5,32,19061,4769
1,10,256,400,0.8,0.0001,0.1303564608097076,1.0899600982666016,0.2683876254865806,0.1595614502387258,0.2011105157099061,1,59,18949,4881
1,10,256,400,0.8,0.0001,0.1363481879234314,1.0138967037200928,0.2758620689655172,0.1607852150557927,0.2047015334777118,2,60,19045,4785
1,10,256,400,0.8,0.0001,0.1408044099807739,1.0320369005203247,0.2679056170390478,0.1703703912112616,0.207872916370881,3,60,19041,4789
1,10,256,400,0.8,0.0001,0.1389748007059097,1.0990827083587646,0.2832308670765316,0.1685371881372073,0.2112269333824186,4,60,19113,4717
1,10,256,400,0.8,0.0001,0.1431082785129547,1.0917785167694092,0.2853862212943632,0.1732432116050027,0.2155793035465408,5,58,19040,4790
1,10,256,600,0.8,0.0001,0.1300347447395324,1.0892044305801392,0.2630608481868469,0.1577981767025831,0.1982815719857898,1,45,18949,4881
1,10,256,600,0.8,0.0001,0.1351241022348404,1.0146032571792605,0.2599791013584117,0.1554117725766989,0.1951082789499524,2,43,19045,4785
1,10,256,600,0.8,0.0001,0.1401329487562179,1.034445881843567,0.2660263102944247,0.168610274366096,0.2052424951361265,3,46,19041,4789
1,10,256,600,0.8,0.0001,0.1385799795389175,1.1030820608139038,0.2770828916684333,0.1675324610402418,0.2090121706426479,4,48,19113,4717
1,10,256,600,0.8,0.0001,0.1431733816862106,1.093861699104309,0.2849686847599165,0.173439689162404,0.2147935447587677,5,49,19040,4790
1,10,256,800,0.8,0.0001,0.1277184337377548,1.0949437618255615,0.2573243187871338,0.154047709514023,0.1930022127571675,1,41,18949,4881
1,10,256,800,0.8,0.0001,0.1371642351150512,1.0161545276641846,0.2658307210031348,0.1593512094575306,0.2004943049482375,2,43,19045,4785
1,10,256,800,0.8,0.0001,0.1371785402297973,1.0371105670928955,0.2666527458759657,0.1647354922353437,0.2036303575306815,3,44,19041,4789
1,10,256,800,0.8,0.0001,0.1365400999784469,1.105541467666626,0.2713589145643417,0.1650412199793482,0.205473787701485,4,42,19113,4717
1,10,256,800,0.8,0.0001,0.1406992673873901,1.0990089178085327,0.2693110647181628,0.1666635978669725,0.205951452547421,5,41,19040,4790
1,10,256,1000,0.8,0.0001,0.1286835670471191,1.098026990890503,0.2569145666871543,0.1543447629937039,0.1925505203391575,1,39,18949,4881
1,10,256,1000,0.8,0.0001,0.1347840875387191,1.0191935300827026,0.2603970741901776,0.1556682719352684,0.1950326693229119,2,39,19045,4785
1,10,256,1000,0.8,0.0001,0.1402000933885574,1.0420348644256592,0.2608060137815828,0.1644478305142953,0.200868255899631,3,40,19041,4789
1,10,256,1000,0.8,0.0001,0.1347634345293045,1.110141038894653,0.2643629425482298,0.1612638979137027,0.2006491976079573,4,39,19113,4717
1,10,256,1000,0.8,0.0001,0.140959694981575,1.0997607707977295,0.2701461377870564,0.1663853774486577,0.2051948518998031,5,39,19040,4790
1,10,512,400,0.8,0.0001,0.1420075297355651,1.0610482692718506,0.2944003343083995,0.1802954705342865,0.2236200671671948,1,53,19044,4786
1,10,512,400,0.8,0.0001,0.1357925087213516,1.0363693237304688,0.2858340318524727,0.1698063196657943,0.2124220519076525,2,54,19058,4772
1,10,512,400,0.8,0.0001,0.1414443701505661,1.087546944618225,0.2804750989789539,0.1731873930947349,0.2131756894546053,3,53,19031,4799
1,10,512,400,0.8,0.0001,0.1492716819047927,1.0491855144500732,0.2932742989668986,0.1800227348105548,0.221761106633772,4,53,19087,4743
1,10,512,400,0.8,0.0001,0.1386615633964538,1.0525721311569214,0.2765514369012911,0.1641334497815061,0.2079612147075111,5,47,19028,4802
1,10,512,600,0.8,0.0001,0.1410824060440063,1.0635969638824463,0.2860426243209361,0.1764086322923116,0.2181142836917041,1,43,19044,4786
1,10,512,600,0.8,0.0001,0.1358597129583358,1.036279797554016,0.2780804694048617,0.171584503327957,0.2112072605668394,2,42,19058,4772
1,10,512,600,0.8,0.0001,0.1422251164913177,1.0874022245407104,0.273598666388831,0.1708764870086614,0.2101477170887253,3,44,19031,4799
1,10,512,600,0.8,0.0001,0.1475344151258468,1.051089644432068,0.2932742989668986,0.1792619561279372,0.2231240915831815,4,42,19087,4743
1,10,512,600,0.8,0.0001,0.1406414955854416,1.0525518655776978,0.2802998750520616,0.1652004822462696,0.2086553650578687,5,45,19028,4802
1,10,512,800,0.8,0.0001,0.1415449678897857,1.0671569108963013,0.2877141663184288,0.176667962762912,0.2188074079171823,1,37,19044,4786
1,10,512,800,0.8,0.0001,0.1329033076763153,1.0393458604812622,0.2743084660519698,0.1678827332242329,0.207964823956954,2,39,19058,4772
1,10,512,800,0.8,0.0001,0.1415745019912719,1.0909241437911987,0.2717232756824338,0.1708048135052408,0.2090649586019348,3,38,19031,4799
1,10,512,800,0.8,0.0001,0.1474675983190536,1.0523697137832642,0.2930634619439173,0.1762603788882129,0.2206182739385029,4,37,19087,4743
1,10,512,800,0.8,0.0001,0.141631469130516,1.0545367002487185,0.2740524781341107,0.1620894886435046,0.2042804977177667,5,37,19028,4802
1,10,512,1000,0.8,0.0001,0.141677126288414,1.0656414031982422,0.2852068533221897,0.1768532574304766,0.2179556446586693,1,36,19044,4786
1,10,512,1000,0.8,0.0001,0.1322985887527465,1.0425742864608765,0.2652975691533948,0.1656172877961761,0.204857566595172,2,35,19058,4772
1,10,512,1000,0.8,0.0001,0.1422901749610901,1.0955060720443726,0.2692227547405709,0.1683631840659525,0.206782589502225,3,36,19031,4799
1,10,512,1000,0.8,0.0001,0.146465316414833,1.0544276237487793,0.2810457516339869,0.1752824762373625,0.2163403203345562,4,33,19087,4743
1,10,512,1000,0.8,0.0001,0.1405095010995865,1.056399941444397,0.2707205331112036,0.1623876483998541,0.2039095487745173,5,35,19028,4802
1,10,1024,400,0.8,0.0001,0.1456945091485977,1.07474946975708,0.2955156023971895,0.1769813949069815,0.2230379338972195,1,47,18991,4839
1,10,1024,400,0.8,0.0001,0.1396763771772384,1.069080471992493,0.286624203821656,0.1716108724343871,0.2156137842780247,2,46,19120,4710
1,10,1024,400,0.8,0.0001,0.1407120525836944,1.0544216632843018,0.2921828278513456,0.1728328974569353,0.2180592178536182,3,43,19148,4682
1,10,1024,400,0.8,0.0001,0.140198677778244,1.0700291395187378,0.2815187749108453,0.1736912702251029,0.2139842605132237,4,45,19063,4767
1,10,1024,400,0.8,0.0001,0.1376534253358841,1.0525081157684326,0.2820353063343717,0.1677025498951467,0.2092681055088789,5,49,19015,4815
1,10,1024,600,0.8,0.0001,0.14595328271389,1.073514103889465,0.2948956395949576,0.1780050129380457,0.2228603512745634,1,40,18991,4839
1,10,1024,600,0.8,0.0001,0.1387403011322021,1.066910982131958,0.2855626326963906,0.1727668117049367,0.2157708807659021,2,37,19120,4710
1,10,1024,600,0.8,0.0001,0.1424106508493423,1.0534884929656982,0.2934643314822725,0.1730716302592422,0.2197826325365248,3,40,19148,4682
1,10,1024,600,0.8,0.0001,0.14072847366333,1.0672348737716677,0.2840360813929096,0.1738426537804324,0.2149536478934205,4,38,19063,4767
1,10,1024,600,0.8,0.0001,0.1372574865818023,1.0528595447540283,0.2818276220145379,0.1660765256162045,0.208654301363223,5,38,19015,4815
1,10,1024,800,0.8,0.0001,0.1449828594923019,1.0737091302871704,0.2948956395949576,0.1772203874978304,0.2220506130044371,1,33,18991,4839
1,10,1024,800,0.8,0.0001,0.1382054090499878,1.0674668550491333,0.2868365180467091,0.170991182452897,0.2157319273244859,2,34,19120,4710
1,10,1024,800,0.8,0.0001,0.141459435224533,1.0530881881713867,0.2909013242204186,0.1741496739062016,0.2186463372117283,3,35,19148,4682
1,10,1024,800,0.8,0.0001,0.1405297964811325,1.0690202713012695,0.2838263058527375,0.1739474759620274,0.2153424431501349,4,34,19063,4767
1,10,1024,800,0.8,0.0001,0.1364656239748001,1.0523179769515991,0.2785046728971962,0.1660394355244765,0.2076955744821577,5,33,19015,4815
1,10,1024,1000,0.8,0.0001,0.1442712098360061,1.0762451887130735,0.2907625542467452,0.1756072534000612,0.2197547320546075,1,33,18991,4839
1,10,1024,1000,0.8,0.0001,0.1384728550910949,1.0700063705444336,0.2859872611464968,0.1710078081429219,0.2153279558302198,2,31,19120,4710
1,10,1024,1000,0.8,0.0001,0.1417991518974304,1.054697036743164,0.2866296454506621,0.1740274792876205,0.2180048673984809,3,31,19148,4682
1,10,1024,1000,0.8,0.0001,0.1387417167425155,1.069792628288269,0.2794210195091252,0.1719942514389438,0.2125084512166133,4,31,19063,4767
1,10,1024,1000,0.8,0.0001,0.1350138634443283,1.0565775632858276,0.2737279335410176,0.1649146563428318,0.2053663743510488,5,31,19015,4815
1,12,256,400,0.8,0.0001,0.133216917514801,0.8189495801925659,0.2719717431955121,0.1630230542494656,0.2043235871285266,1,59,19017,4813
1,12,256,400,0.8,0.0001,0.135913535952568,0.8483186364173889,0.2743126795240049,0.1691727178487504,0.2074704186085759,2,59,18956,4874
1,12,256,400,0.8,0.0001,0.1406598836183548,0.8258535265922546,0.2814507772020725,0.1710150028823011,0.2127595563560198,3,56,19005,4825
1,12,256,400,0.8,0.0001,0.1415709406137466,0.8236111402511597,0.2794210195091252,0.1707892756629282,0.2118876102606356,4,55,19063,4767
1,12,256,400,0.8,0.0001,0.1431935280561447,0.832933783531189,0.2847639484978541,0.1761775304028308,0.218816338299838,5,60,19170,4660
1,12,256,600,0.8,0.0001,0.1267930716276168,0.8211098313331604,0.26386868896738,0.1583112056038759,0.1982853244049397,1,43,19017,4813
1,12,256,600,0.8,0.0001,0.1340417861938476,0.8521000742912292,0.2689782519491178,0.1656945464744493,0.2037737178359056,2,49,18956,4874
1,12,256,600,0.8,0.0001,0.139977678656578,0.8298200368881226,0.2737823834196891,0.1686824832619199,0.2094245912527635,3,45,19005,4825
1,12,256,600,0.8,0.0001,0.1402669996023178,0.8275905847549438,0.2781623662680931,0.1661057977101958,0.2089218285877924,4,48,19063,4767
1,12,256,600,0.8,0.0001,0.1430026143789291,0.8343552947044373,0.2783261802575107,0.1745644890589849,0.2165263577827844,5,48,19170,4660
1,12,256,800,0.8,0.0001,0.1310964226722717,0.8250990509986877,0.2632453771036775,0.1595606913006208,0.1984078605642456,1,44,19017,4813
1,12,256,800,0.8,0.0001,0.1321096420288086,0.8544726371765137,0.2613869511694706,0.1605921774062641,0.1976771305592627,2,42,18956,4874
1,12,256,800,0.8,0.0001,0.1402257531881332,0.8307756185531616,0.2766839378238342,0.1686327506654591,0.2086912377128533,3,43,19005,4825
1,12,256,800,0.8,0.0001,0.1387767791748047,0.8302983641624451,0.2672540381791483,0.164775940695162,0.2042029486826257,4,42,19063,4767
1,12,256,800,0.8,0.0001,0.1417297720909118,0.8376840949058533,0.2733905579399142,0.1723848753840019,0.2114145777122415,5,43,19170,4660
1,12,256,1000,0.8,0.0001,0.1276662051677703,0.8249786496162415,0.2514024516933306,0.1530493342752246,0.1893883105746948,1,37,19017,4813
1,12,256,1000,0.8,0.0001,0.13162662088871,0.8555985689163208,0.257693885925318,0.1598681397937752,0.1958786068027145,2,39,18956,4874
1,12,256,1000,0.8,0.0001,0.1379310339689254,0.833766758441925,0.2621761658031088,0.1608231678632554,0.1992474906451259,3,39,19005,4825
1,12,256,1000,0.8,0.0001,0.1397081613540649,0.8303809762001038,0.2699811202013845,0.1641075884558069,0.204194136651311,4,39,19063,4767
1,12,256,1000,0.8,0.0001,0.1408388018608093,0.8404077887535095,0.26931330472103,0.1699358575350236,0.2081278117165113,5,41,19170,4660
1,12,512,400,0.8,0.0001,0.1420405507087707,0.7882515788078308,0.2793956645500328,0.1668946532550844,0.2072384607132904,1,50,19263,4567
1,12,512,400,0.8,0.0001,0.1419689059257507,0.8014345765113831,0.2869027303754266,0.1697715750083829,0.2131696966399368,2,48,19142,4688
1,12,512,400,0.8,0.0001,0.1373241692781448,0.8014488816261292,0.2845833333333333,0.1678687297967483,0.2113424587095871,3,50,19030,4800
1,12,512,400,0.8,0.0001,0.1380927562713623,0.7966161370277405,0.2840172786177106,0.1741274054069525,0.215535440347599,4,51,19200,4630
1,12,512,400,0.8,0.0001,0.1291061490774154,0.8288212418556213,0.2782380278844211,0.165682282224058,0.2084698299340039,5,54,18881,4949
1,12,512,600,0.8,0.0001,0.1425058096647262,0.789848804473877,0.2756733085176264,0.1654876263998376,0.2054995180413064,1,42,19263,4567
1,12,512,600,0.8,0.0001,0.1446891129016876,0.8005348443984985,0.2841296928327645,0.1745358461896108,0.2167347970834396,2,44,19142,4688
1,12,512,600,0.8,0.0001,0.1377657204866409,0.8022085428237915,0.2827083333333333,0.1687947509129302,0.2118391922822221,3,44,19030,4800
1,12,512,600,0.8,0.0001,0.1398514807224273,0.7980377078056335,0.2844492440604751,0.1743645724899447,0.2165696930824993,4,44,19200,4630
1,12,512,600,0.8,0.0001,0.1280212104320526,0.8317317366600037,0.2778339058395635,0.163598189105281,0.2077122508328304,5,44,18881,4949
1,12,512,800,0.8,0.0001,0.1392577886581421,0.7967984080314636,0.2711382113821138,0.1625712754947068,0.2046784880993605,1,39,18910,4920
1,12,512,800,0.8,0.0001,0.1406469792127609,0.8507252335548401,0.2763568309419837,0.1693756094119724,0.2093680851076512,2,38,19021,4809
1,12,512,800,0.8,0.0001,0.1431367397308349,0.768291175365448,0.2816455696202531,0.1757901539307321,0.2156419361323749,3,39,19090,4740
1,12,512,800,0.8,0.0001,0.1348077952861786,0.7625401020050049,0.2713080168776371,0.1656201442544617,0.2086745269813545,4,37,19090,4740
1,12,512,800,0.8,0.0001,0.1473387628793716,0.8134839534759521,0.276484161946717,0.1680187802297623,0.2085228742562105,5,38,19063,4767
1,12,512,1000,0.8,0.0001,0.138823390007019,0.7994332909584045,0.2595528455284553,0.1581400280528832,0.1977638543322371,1,33,18910,4920
1,12,512,1000,0.8,0.0001,0.1394851058721542,0.8548713326454163,0.2690788105635267,0.1646772651188473,0.2037370003914619,2,36,19021,4809
1,12,512,1000,0.8,0.0001,0.1402009427547454,0.7694398760795593,0.2759493670886076,0.1738016873421213,0.2147953732327791,3,35,19090,4740
1,12,512,1000,0.8,0.0001,0.1375724077224731,0.7653260827064514,0.2668776371308017,0.1674153880951312,0.2068062894273324,4,37,19090,4740
1,12,512,1000,0.8,0.0001,0.1463368833065033,0.8155704736709595,0.2773232641074051,0.1653747679978959,0.2065093252298786,5,36,19063,4767
1,12,1024,400,0.8,0.0001,0.1352723389863968,0.8703347444534302,0.2916839056681837,0.1738879247567866,0.2188452457165843,1,46,18996,4834
1,12,1024,400,0.8,0.0001,0.1352973878383636,0.8291860818862915,0.2816343548050865,0.1709439950517483,0.2139149925682585,2,47,19033,4797
1,12,1024,400,0.8,0.0001,0.136523351073265,0.8037270903587341,0.2911553110452814,0.1740220391368724,0.218207898034035,3,46,19104,4726
1,12,1024,400,0.8,0.0001,0.1390840709209442,0.8011154532432556,0.2799167533818938,0.1666332691042263,0.2083279140586635,4,48,19025,4805
1,12,1024,400,0.8,0.0001,0.130332201719284,0.8110879063606262,0.2829155255951127,0.16591978509838,0.2114586738595128,5,43,19083,4747
1,12,1024,600,0.8,0.0001,0.1355709433555603,0.8695386052131653,0.2912701696317749,0.1745866834765484,0.2182779912339635,1,39,18996,4834
1,12,1024,600,0.8,0.0001,0.1373398452997207,0.8292736411094666,0.2849697727746508,0.1736956053473536,0.2161288624521722,2,39,19033,4797
1,12,1024,600,0.8,0.0001,0.1376732885837555,0.8039714097976685,0.2975031739314431,0.1762676174965942,0.2208044084212468,3,40,19104,4726
1,12,1024,600,0.8,0.0001,0.1397741585969925,0.8018796443939209,0.286576482830385,0.1698974967464721,0.212985383188553,4,37,19025,4805
1,12,1024,600,0.8,0.0001,0.1302046775817871,0.8105594515800476,0.2816515694122604,0.1641750043853606,0.2098289884627895,5,39,19083,4747
1,12,1024,800,0.8,0.0001,0.1365265101194381,0.8689160943031311,0.2906495655771617,0.1739035323607918,0.2179609067097792,1,34,18996,4834
1,12,1024,800,0.8,0.0001,0.1340595334768295,0.8289021253585815,0.2818428184281842,0.1692795845361207,0.2120659118971194,2,34,19033,4797
1,12,1024,800,0.8,0.0001,0.1371622085571289,0.8050150871276855,0.2886161658908167,0.1729968656544553,0.2159894891305998,3,34,19104,4726
1,12,1024,800,0.8,0.0001,0.1389585882425308,0.8012253046035767,0.2807492195629552,0.1674638843861597,0.2098723023501728,4,34,19025,4805
1,12,1024,800,0.8,0.0001,0.1296945810317993,0.8118972182273865,0.2778597008637034,0.1658851726388272,0.209551776345987,5,35,19083,4747
1,12,1024,1000,0.8,0.0001,0.135869562625885,0.8716291785240173,0.2896152254861398,0.1724870835528734,0.2154904423766281,1,31,18996,4834
1,12,1024,1000,0.8,0.0001,0.1335025131702423,0.8334413766860962,0.2764227642276423,0.1673292805591534,0.2098010725728605,2,33,19033,4797
1,12,1024,1000,0.8,0.0001,0.1379288285970688,0.8045523166656494,0.2881929750317393,0.1736691273548187,0.21691720500832,3,31,19104,4726
1,12,1024,1000,0.8,0.0001,0.1372647434473037,0.8037912249565125,0.2780437044745057,0.1648294645973873,0.2063106862786807,4,33,19025,4805
1,12,1024,1000,0.8,0.0001,0.1300771534442901,0.8130496144294739,0.2725932167684853,0.164276509146473,0.2073177288409777,5,31,19083,4747
2,8,256,400,0.8,0.0001,0.1540310382843017,1.415061116218567,0.299119032985044,0.1779911010967906,0.2232329135099816,1,41,18949,4881
2,8,256,400,0.8,0.0001,0.1488448232412338,1.527968168258667,0.2977551884794578,0.1770821794729059,0.2210949553568957,2,45,19108,4722
2,8,256,400,0.8,0.0001,0.1562409251928329,1.3743942975997925,0.2992159355795719,0.1804467472675814,0.2238120245525261,3,44,19111,4719
2,8,256,400,0.8,0.0001,0.1486505270004272,1.406259298324585,0.2971746751907609,0.1791528959067255,0.2237092879960433,4,44,18981,4849
2,8,256,400,0.8,0.0001,0.1476763784885406,1.4008939266204834,0.290495867768595,0.1755075228201892,0.2190238596527503,5,46,18990,4840
2,8,256,600,0.8,0.0001,0.1548551023006439,1.4228127002716064,0.2964556443351772,0.1778741739064925,0.2222488981758413,1,34,18949,4881
2,8,256,600,0.8,0.0001,0.1491855829954147,1.5326827764511108,0.2986022871664548,0.1761761453534401,0.2190422551963845,2,32,19108,4722
2,8,256,600,0.8,0.0001,0.1539912968873977,1.379822850227356,0.296037296037296,0.1765735663734057,0.220177998102015,3,33,19111,4719
2,8,256,600,0.8,0.0001,0.1470506340265274,1.4135627746582031,0.2946999381315735,0.177121652747097,0.2201796045835606,4,33,18981,4849
2,8,256,600,0.8,0.0001,0.1450168043375015,1.40558660030365,0.2950413223140496,0.1738339056131321,0.2185552709770872,5,35,18990,4840
2,8,256,800,0.8,0.0001,0.1462868303060531,1.4200395345687866,0.2808572017308881,0.1639271876356405,0.2052607752295314,1,27,18977,4853
2,8,256,800,0.8,0.0001,0.1376310288906097,1.4667586088180542,0.2872112917023097,0.1708868365711028,0.2142293349865365,2,28,19154,4676
2,8,256,800,0.8,0.0001,0.1459015309810638,1.4706807136535645,0.2944875288199539,0.1758645249419865,0.2192644532421939,3,28,19059,4771
2,8,256,800,0.8,0.0001,0.1386084258556366,1.4785823822021484,0.2917700578990901,0.1706751458672999,0.2150766618370769,4,26,18994,4836
2,8,256,800,0.8,0.0001,0.1459126472473144,1.4591631889343262,0.2999792401909902,0.1753806315095153,0.2201333929990069,5,26,19013,4817
2,8,256,1000,0.8,0.0001,0.1420172154903412,1.4274475574493408,0.2769420976715434,0.1627735551299878,0.2045307878696634,1,22,18977,4853
2,8,256,1000,0.8,0.0001,0.1367039829492569,1.4748876094818115,0.2855004277159966,0.172533554276512,0.2147859933599447,2,24,19154,4676
2,8,256,1000,0.8,0.0001,0.1464586704969406,1.4735310077667236,0.2871515405575351,0.1746734678474623,0.2160127440052719,3,22,19059,4771
2,8,256,1000,0.8,0.0001,0.1383336782455444,1.4863739013671875,0.2878411910669975,0.1699195372565185,0.2145477299739308,4,22,18994,4836
2,8,256,1000,0.8,0.0001,0.1481276452541351,1.468916416168213,0.2954120822088437,0.1780330213609122,0.2197832038030993,5,24,19013,4817
2,8,512,400,0.8,0.0001,0.1530684381723404,1.4119303226470947,0.2982124079915878,0.1792300589772048,0.2231989899636509,1,44,19075,4755
2,8,512,400,0.8,0.0001,0.1424347013235092,1.4829494953155518,0.303835440325691,0.1768664043540224,0.2234405887441627,2,42,19163,4667
2,8,512,400,0.8,0.0001,0.1552198827266693,1.442438006401062,0.3068906848149723,0.1840468152477455,0.2293760217173723,3,45,19128,4702
2,8,512,400,0.8,0.0001,0.1425159722566604,1.4610439538955688,0.2976744186046511,0.1760329100692961,0.2203103753200179,4,44,19100,4730
2,8,512,400,0.8,0.0001,0.1538408100605011,1.4454535245895386,0.3004399748585795,0.1798882549116551,0.2264910137577024,5,44,19057,4773
2,8,512,600,0.8,0.0001,0.1515837162733078,1.4127620458602903,0.3009463722397476,0.178092670693925,0.2223837106498193,1,34,19075,4755
2,8,512,600,0.8,0.0001,0.1433499902486801,1.484598159790039,0.3008356545961003,0.1771069478067962,0.2229813077978173,2,34,19163,4667
2,8,512,600,0.8,0.0001,0.1529611051082611,1.442775011062622,0.3062526584432156,0.1824535640287749,0.2279959361333038,3,34,19128,4702
2,8,512,600,0.8,0.0001,0.1420243084430694,1.4641021490097046,0.3023255813953488,0.1771453174428552,0.2240427120432748,4,35,19100,4730
2,8,512,600,0.8,0.0001,0.1515509039163589,1.4479771852493286,0.3048397234443746,0.1799607290427365,0.2276161762822424,5,34,19057,4773
2,8,512,800,0.8,0.0001,0.1438874304294586,1.4312543869018557,0.2919044599450433,0.1777409450548971,0.2212423731033994,1,27,19099,4731
2,8,512,800,0.8,0.0001,0.1445596516132354,1.4746053218841553,0.298324478953821,0.1766316577682946,0.2232634253716569,2,28,18936,4894
2,8,512,800,0.8,0.0001,0.151161178946495,1.4417428970336914,0.3061054386330485,0.1867456480581183,0.2313255722519576,3,28,19031,4799
2,8,512,800,0.8,0.0001,0.1506699472665786,1.48897385597229,0.2944862155388471,0.1805084878364296,0.2237375613856751,4,27,19042,4788
2,8,512,800,0.8,0.0001,0.1517831683158874,1.43499755859375,0.3021321961620469,0.1791853929225618,0.2242179324249898,5,29,19140,4690
2,8,512,1000,0.8,0.0001,0.1445945054292678,1.4360125064849854,0.2933840625660537,0.1781640833767624,0.2208180585161579,1,24,19099,4731
2,8,512,1000,0.8,0.0001,0.145569622516632,1.4802693128585815,0.2954638332652227,0.1757547133141308,0.2215307428505585,2,24,18936,4894
2,8,512,1000,0.8,0.0001,0.1496314853429794,1.4450103044509888,0.3044384246718066,0.1848888805130575,0.2303229593585169,3,25,19031,4799
2,8,512,1000,0.8,0.0001,0.1495761573314666,1.4949764013290403,0.295530492898914,0.1808270426963299,0.2243666123062273,4,24,19042,4788
2,8,512,1000,0.8,0.0001,0.1507132649421692,1.4380996227264404,0.2948827292110874,0.177428805035712,0.2218574696764311,5,24,19140,4690
2,8,1024,400,0.8,0.0001,0.1460121870040893,1.4327151775360107,0.2910203189862355,0.1749645732515645,0.2200754622428745,1,43,19253,4577
2,8,1024,400,0.8,0.0001,0.1507352888584137,1.4718884229660034,0.2932949403537638,0.17714631568956,0.220112923051144,2,43,18968,4862
2,8,1024,400,0.8,0.0001,0.1476829797029495,1.4525681734085083,0.2885111876075731,0.1759071790015975,0.2186323234252385,3,44,19182,4648
2,8,1024,400,0.8,0.0001,0.1487694978713989,1.428596258163452,0.2909015886115123,0.1727319406537379,0.216611465628066,4,44,18983,4847
2,8,1024,400,0.8,0.0001,0.1501821428537368,1.4807283878326416,0.3033284488172493,0.1755762028694169,0.2229717798076332,5,43,19053,4777
2,8,1024,600,0.8,0.0001,0.1482133716344833,1.433739185333252,0.2883985143106838,0.1772737093049197,0.2208716872412952,1,33,19253,4577
2,8,1024,600,0.8,0.0001,0.1493736356496811,1.4718846082687378,0.299876593994241,0.1791127548542817,0.2228601652988402,2,33,18968,4862
2,8,1024,600,0.8,0.0001,0.1447957307100296,1.4567655324935913,0.2938898450946643,0.1742635748559351,0.2186665033606923,3,35,19182,4648
2,8,1024,600,0.8,0.0001,0.1468284279108047,1.4295129776000977,0.2950278522797607,0.1726098639003657,0.2195280669510218,4,34,18983,4847
2,8,1024,600,0.8,0.0001,0.1501821428537368,1.4804805517196655,0.2932803014444212,0.1750817066050713,0.2212755636790145,5,33,19053,4777
2,8,1024,800,0.8,0.0001,0.1420983672142028,1.4437298774719238,0.3066611672509796,0.1797753654637747,0.2281028016716872,1,29,18981,4849
2,8,1024,800,0.8,0.0001,0.1445527821779251,1.467575192451477,0.2862627986348123,0.1702511298409844,0.2144630806024482,2,29,19142,4688
2,8,1024,800,0.8,0.0001,0.1561945378780365,1.4439873695373535,0.2950575202386025,0.1818630480306229,0.2243758103946342,3,28,19136,4694
2,8,1024,800,0.8,0.0001,0.1477337479591369,1.4285403490066528,0.3122095479509928,0.1869661167233585,0.2350116926129863,4,28,19096,4734
2,8,1024,800,0.8,0.0001,0.1529494822025299,1.451659917831421,0.3063215952481968,0.1842180102038754,0.2311701790571373,5,29,19116,4714
2,8,1024,1000,0.8,0.0001,0.1408567279577255,1.4484931230545044,0.3045988863683234,0.1795467236240192,0.2287091659579739,1,25,18981,4849
2,8,1024,1000,0.8,0.0001,0.1439875662326812,1.4707391262054443,0.2834897610921502,0.168158592029631,0.2130613417490961,2,25,19142,4688
2,8,1024,1000,0.8,0.0001,0.1527866572141647,1.4476171731948853,0.3003834682573498,0.1794245625983677,0.2242251662307368,3,25,19136,4694
2,8,1024,1000,0.8,0.0001,0.148588940501213,1.430273413658142,0.3105196451204056,0.1870823778966705,0.2351864176311277,4,24,19096,4734
2,8,1024,1000,0.8,0.0001,0.1525962501764297,1.4570300579071045,0.3050487908358082,0.1837127578807066,0.2296195863245185,5,25,19116,4714
2,10,256,400,0.8,0.0001,0.1519825309514999,1.0410635471343994,0.2964451967837495,0.1813039490986908,0.2245262910832078,1,44,19104,4726
2,10,256,400,0.8,0.0001,0.1453328132629394,1.0526949167251587,0.3009627459187944,0.1792401856855714,0.2232549618503456,2,40,19052,4778
2,10,256,400,0.8,0.0001,0.1417255848646164,1.0616964101791382,0.2922527818601722,0.1723900351492412,0.2173137990683525,3,43,19067,4763
2,10,256,400,0.8,0.0001,0.1536796540021896,1.0293365716934204,0.3019730010384216,0.1843280221336657,0.2275609361089193,4,42,19015,4815
2,10,256,400,0.8,0.0001,0.1446400433778762,1.038652420043945,0.3060713540580012,0.1797954259393044,0.2249335709600146,5,43,19037,4793
2,10,256,600,0.8,0.0001,0.1502614617347717,1.0477582216262815,0.2958104104951333,0.1807170647098707,0.223504357724341,1,33,19104,4726
2,10,256,600,0.8,0.0001,0.1425758153200149,1.058873414993286,0.2957304311427375,0.1777629180179829,0.2226009553984409,2,31,19052,4778
2,10,256,600,0.8,0.0001,0.1402199566364288,1.0680092573165894,0.2916229267268528,0.1689102601711097,0.2138442200432369,3,31,19067,4763
2,10,256,600,0.8,0.0001,0.1524334251880645,1.035090684890747,0.3023883696780893,0.1814443229132958,0.2249840870273664,4,33,19015,4815
2,10,256,600,0.8,0.0001,0.1429978907108307,1.0450266599655151,0.2987690381806802,0.1787137992886476,0.2227706758089715,5,32,19037,4793
2,10,256,800,0.8,0.0001,0.1399946063756942,1.038103699684143,0.2912146351840034,0.171859354006646,0.2161157520096612,1,26,19129,4701
2,10,256,800,0.8,0.0001,0.1422861218452453,1.0794682502746582,0.2933721171826304,0.1757972378717184,0.2205641918475529,2,26,19017,4813
2,10,256,800,0.8,0.0001,0.1411812007427215,1.031641960144043,0.2875734676742233,0.1699811802752737,0.2136170526751765,3,27,19066,4764
2,10,256,800,0.8,0.0001,0.146144688129425,1.0568969249725342,0.2858349166138906,0.1696864389432972,0.2127441667732745,4,26,19093,4737
2,10,256,800,0.8,0.0001,0.1452046036720276,1.1024621725082395,0.2886942010846892,0.174254283695531,0.2145494802784603,5,26,19036,4794
2,10,256,1000,0.8,0.0001,0.1371609717607498,1.0454280376434326,0.2856838970431823,0.1696404654287935,0.2131391776150933,1,21,19129,4701
2,10,256,1000,0.8,0.0001,0.1400941312313079,1.0858224630355835,0.2865156866819032,0.1725730566282618,0.2162523976340697,2,21,19017,4813
2,10,256,1000,0.8,0.0001,0.1378293186426162,1.0363227128982544,0.2766582703610411,0.1641094495763513,0.2052240775753802,3,21,19066,4764
2,10,256,1000,0.8,0.0001,0.1459463089704513,1.063146948814392,0.2837238758708043,0.1698836396660932,0.2118281094474574,4,20,19093,4737
2,10,256,1000,0.8,0.0001,0.1450127810239792,1.110492467880249,0.2834793491864831,0.1748133088102847,0.2135852560383035,5,21,19036,4794
2,10,512,400,0.8,0.0001,0.1613893806934356,0.995908796787262,0.3152476946171992,0.1869497938474599,0.2355350370302358,1,42,19167,4663
2,10,512,400,0.8,0.0001,0.144666314125061,1.0275976657867432,0.2943044674994707,0.1737372171987233,0.2188114987263847,2,42,19107,4723
2,10,512,400,0.8,0.0001,0.1430949419736862,1.0776175260543823,0.300477277443453,0.1759226470598174,0.2224041555617044,3,43,19011,4819
2,10,512,400,0.8,0.0001,0.1453008204698562,1.0329186916351318,0.2822966507177033,0.1661270342912941,0.2081995299279949,4,43,19023,4807
2,10,512,400,0.8,0.0001,0.1493621170520782,1.0403927564620972,0.3066471571906354,0.1809933568494986,0.2288177785421445,5,41,19046,4784
2,10,512,600,0.8,0.0001,0.1618670672178268,0.9992675185203552,0.3075273429122882,0.1855716691381938,0.2310838909684267,1,34,19167,4663
2,10,512,600,0.8,0.0001,0.1437282264232635,1.02969229221344,0.2938810078340038,0.1728846752751496,0.2186806581140005,2,32,19107,4723
2,10,512,600,0.8,0.0001,0.1414303034543991,1.0793325901031494,0.2984021581240921,0.1752187362687629,0.221127074352929,3,33,19011,4819
2,10,512,600,0.8,0.0001,0.1441866606473922,1.0364012718200684,0.2802163511545663,0.1665406520909912,0.2089030287413367,4,33,19023,4807
2,10,512,600,0.8,0.0001,0.1479227989912033,1.0413397550582886,0.3129180602006689,0.182945363537291,0.2312380017153116,5,34,19046,4784
2,10,512,800,0.8,0.0001,0.1469992846250534,1.0495599508285522,0.3014414038019636,0.1779000039414922,0.2240785255720347,1,27,19043,4787
2,10,512,800,0.8,0.0001,0.1452271193265915,1.0184663534164429,0.3039154754505904,0.1817130175122755,0.2267868927162427,2,27,19003,4827
2,10,512,800,0.8,0.0001,0.1401109546422958,1.0906975269317627,0.2918060200668896,0.1747531162021268,0.2191963609048991,3,28,19046,4784
2,10,512,800,0.8,0.0001,0.1381085813045501,1.0763697624206543,0.3088235294117647,0.1783037964612115,0.2268291226046299,4,27,19070,4760
2,10,512,800,0.8,0.0001,0.1527704447507858,1.0166339874267578,0.3026947984123668,0.1801672533376968,0.2238607414246927,5,26,19043,4787
2,10,512,1000,0.8,0.0001,0.1482400596141815,1.0552157163619995,0.2987257154794234,0.1789641563657686,0.2240710815282878,1,24,19043,4787
2,10,512,1000,0.8,0.0001,0.1454904526472091,1.02311110496521,0.2995649471721566,0.1794458508930559,0.2229277122508456,2,23,19003,4827
2,10,512,1000,0.8,0.0001,0.142368733882904,1.093441128730774,0.2869983277591973,0.1757167047721397,0.218623866158193,3,23,19046,4784
2,10,512,1000,0.8,0.0001,0.1371309459209442,1.0793766975402832,0.305672268907563,0.1780009600336775,0.227535762038928,4,23,19070,4760
2,10,512,1000,0.8,0.0001,0.1510554105043411,1.0214699506759644,0.3020681011071652,0.1785456255374544,0.2252115777892769,5,23,19043,4787
2,10,1024,400,0.8,0.0001,0.1459921151399612,1.05410897731781,0.3047300125575554,0.1790840671508499,0.2255359890468405,1,40,19052,4778
2,10,1024,400,0.8,0.0001,0.1532252728939056,1.0186820030212402,0.3119057461761058,0.1850549667870571,0.2303797323607485,2,43,18992,4838
2,10,1024,400,0.8,0.0001,0.1560869812965393,1.0161505937576294,0.3151269468743332,0.190256635636015,0.2384777270687329,3,43,19143,4687
2,10,1024,400,0.8,0.0001,0.1484536081552505,1.0151275396347046,0.3017169179229481,0.1818298431418455,0.2265423728890575,4,42,19054,4776
2,10,1024,400,0.8,0.0001,0.1513276100158691,1.0166804790496826,0.3033778148457047,0.180416721945024,0.2275048980394967,5,40,19034,4796
2,10,1024,600,0.8,0.0001,0.1463863402605056,1.0539358854293823,0.3055671829217246,0.1802096866622082,0.2269717432639404,1,34,19052,4778
2,10,1024,600,0.8,0.0001,0.1540783494710922,1.0206507444381714,0.3075651095494006,0.1848100712747385,0.2308416401701883,2,33,18992,4838
2,10,1024,600,0.8,0.0001,0.1559514999389648,1.018750786781311,0.3102197567740559,0.1894535727005206,0.2353788589596039,3,33,19143,4687
2,10,1024,600,0.8,0.0001,0.1501163989305496,1.0157546997070312,0.3050670016750418,0.1848350808517596,0.2303630335974524,4,34,19054,4776
2,10,1024,600,0.8,0.0001,0.1500632166862487,1.0161497592926023,0.3021267723102585,0.1823024865196556,0.2280350070674537,5,32,19034,4796
2,10,1024,800,0.8,0.0001,0.143303632736206,1.0576707124710083,0.3015704584040747,0.1785562121233971,0.2239752434501573,1,28,19118,4712
2,10,1024,800,0.8,0.0001,0.1413824707269668,1.0477746725082395,0.2839941872534772,0.170372018220984,0.2149788780779108,2,28,19013,4817
2,10,1024,800,0.8,0.0001,0.1450149118900299,1.082631230354309,0.3060625131109712,0.1792982265027646,0.2249512537740642,3,29,19063,4767
2,10,1024,800,0.8,0.0001,0.1461075395345688,1.036108136177063,0.2986577181208054,0.1797566192779071,0.223224729728013,4,28,19062,4768
2,10,1024,800,0.8,0.0001,0.1466404795646667,1.0228304862976074,0.3012793176972281,0.1792909374759635,0.2260027204088547,5,28,19140,4690
2,10,1024,1000,0.8,0.0001,0.1409097015857696,1.0618079900741575,0.3007215619694397,0.1777414039811414,0.2239804006682547,1,24,19118,4712
2,10,1024,1000,0.8,0.0001,0.1421011388301849,1.0501314401626587,0.2850321777039651,0.1715185199014563,0.2154475491665914,2,24,19013,4817
2,10,1024,1000,0.8,0.0001,0.1444963067770004,1.0830498933792114,0.303545206628907,0.1796847747467283,0.2255198186156138,3,25,19063,4767
2,10,1024,1000,0.8,0.0001,0.1453138440847396,1.0384761095046997,0.2967701342281879,0.1800035025463725,0.223704839115877,4,24,19062,4768
2,10,1024,1000,0.8,0.0001,0.1444053053855896,1.027048945426941,0.3076759061833689,0.1782315545647798,0.2276321002915833,5,25,19140,4690
2,12,256,400,0.8,0.0001,0.1410600244998932,0.7689907550811768,0.3006686167989971,0.1736945114063814,0.2213211522747907,1,41,19044,4786
2,12,256,400,0.8,0.0001,0.1437611281871795,0.841340959072113,0.3013293943870014,0.1755451871455399,0.2195504887890516,2,42,19091,4739
2,12,256,400,0.8,0.0001,0.1434364914894104,0.8145583868026733,0.2910510764035458,0.1755680961876556,0.2183676005432236,3,43,19092,4738
2,12,256,400,0.8,0.0001,0.1429203301668167,0.7904738783836365,0.3032460732984293,0.1751602239714263,0.2224454826332209,4,43,19055,4775
2,12,256,400,0.8,0.0001,0.1452205926179886,0.7851496934890747,0.2941053073211663,0.1745887408205942,0.2185202071422559,5,41,19063,4767
2,12,256,600,0.8,0.0001,0.1428480148315429,0.7740888595581055,0.2998328458002507,0.175976145707627,0.2217009595521668,1,32,19044,4786
2,12,256,600,0.8,0.0001,0.1414265483617782,0.8467779755592346,0.2960540198354083,0.1738734987903261,0.2182383945209961,2,31,19091,4739
2,12,256,600,0.8,0.0001,0.1424382328987121,0.8184370398521423,0.2916842549598987,0.1743095410532751,0.2167120343864674,3,31,19092,4738
2,12,256,600,0.8,0.0001,0.1405193656682968,0.7957255244255066,0.2971727748691099,0.1716878802771045,0.2183354295508633,4,30,19055,4775
2,12,256,600,0.8,0.0001,0.1457276940345764,0.7911696434020996,0.2945248584015104,0.1772562421135625,0.2208911044668858,5,32,19063,4767
2,12,256,800,0.8,0.0001,0.1425537317991256,0.7941188812255859,0.2917816946273094,0.1694427661866833,0.2143420579574917,1,24,19121,4709
2,12,256,800,0.8,0.0001,0.139043241739273,0.775934100151062,0.2883333333333333,0.1712523943750966,0.2175130631403068,2,25,19030,4800
2,12,256,800,0.8,0.0001,0.1390445083379745,0.8047002553939819,0.2908824759514847,0.1726546512578986,0.2166578880672172,3,24,19048,4782
2,12,256,800,0.8,0.0001,0.1394233703613281,0.8218440413475037,0.2872651356993737,0.1724350315050676,0.2146464322012388,4,26,19040,4790
2,12,256,800,0.8,0.0001,0.1416865438222885,0.8262362480163574,0.2936672185430463,0.1764444720574235,0.2211235347585348,5,24,18998,4832
2,12,256,1000,0.8,0.0001,0.142875537276268,0.7996256947517395,0.2913569760033977,0.1679735871226938,0.2126392863376861,1,20,19121,4709
2,12,256,1000,0.8,0.0001,0.138596162199974,0.7810714244842529,0.2883333333333333,0.1708770800045472,0.2159177502219845,2,21,19030,4800
2,12,256,1000,0.8,0.0001,0.1389815509319305,0.809814989566803,0.2904642409033877,0.1731321246363628,0.2166279227303415,3,20,19048,4782
2,12,256,1000,0.8,0.0001,0.135624885559082,0.8264529705047607,0.2835073068893528,0.1677230886443191,0.2100961707828769,4,19,19040,4790
2,12,256,1000,0.8,0.0001,0.1414419412612915,0.8314119577407837,0.2911837748344371,0.1741911327948622,0.2184490528721692,5,19,18998,4832
2,12,512,400,0.8,0.0001,0.1523388177156448,0.7670775651931763,0.3063138153782038,0.1846132079450974,0.2299664340138671,1,40,19031,4799
2,12,512,400,0.8,0.0001,0.1413056701421737,0.8203752040863037,0.3103662321539416,0.1847291653073978,0.2322766230016036,2,41,18997,4833
2,12,512,400,0.8,0.0001,0.149990975856781,0.8287975788116455,0.3068017366136035,0.1803526163719954,0.227468069910483,3,39,18993,4837
2,12,512,400,0.8,0.0001,0.1483945250511169,0.7629278898239136,0.30394819302277,0.1807381726323379,0.2264909275071544,4,41,19043,4787
2,12,512,400,0.8,0.0001,0.1484546810388565,0.7427021861076355,0.2873180873180873,0.1706540033957276,0.2133750085559088,5,42,19020,4810
2,12,512,600,0.8,0.0001,0.150126427412033,0.7690105438232422,0.3098562200458429,0.1840051519941776,0.2298884763335742,1,32,19031,4799
2,12,512,600,0.8,0.0001,0.1419157981872558,0.8244415521621704,0.3126422511897372,0.1850131741550165,0.2314783107221826,2,32,18997,4833
2,12,512,600,0.8,0.0001,0.1490885019302368,0.8298423886299133,0.3053545586107091,0.1809941391828643,0.2259378081537128,3,31,18993,4837
2,12,512,600,0.8,0.0001,0.147754892706871,0.7659876942634583,0.3031125966158345,0.1805778676088634,0.2274333448311925,4,31,19043,4787
2,12,512,600,0.8,0.0001,0.1479374170303344,0.7444745302200317,0.2925155925155925,0.1716592839238113,0.2155798124993613,5,34,19020,4810
2,12,512,800,0.8,0.0001,0.1420687884092331,0.7559006214141846,0.2990226658348929,0.176580836017187,0.2233444912357687,1,27,19021,4809
2,12,512,800,0.8,0.0001,0.1424453258514404,0.8096152544021606,0.2943037974683544,0.1743072585086488,0.2217705650227429,2,27,19090,4740
2,12,512,800,0.8,0.0001,0.1454835683107376,0.8005304336547852,0.304421768707483,0.1782583951040151,0.2255530075787313,3,27,19126,4704
2,12,512,800,0.8,0.0001,0.1512870341539383,0.7907452583312988,0.3083960154502947,0.1837269989666997,0.2308768477563017,4,27,18911,4919
2,12,512,800,0.8,0.0001,0.1472484767436981,0.8021138906478882,0.3005852842809364,0.1825492186063692,0.225728487475046,5,27,19046,4784
2,12,512,1000,0.8,0.0001,0.1416196078062057,0.7586011290550232,0.2952796839259721,0.1755307577617575,0.2211590451630073,1,23,19021,4809
2,12,512,1000,0.8,0.0001,0.1424453258514404,0.8117242455482483,0.290928270042194,0.1731817634591524,0.2170884954246157,2,22,19090,4740
2,12,512,1000,0.8,0.0001,0.1445260196924209,0.8044279217720032,0.3014455782312925,0.1761971309995948,0.2235910749041867,3,24,19126,4704
2,12,512,1000,0.8,0.0001,0.1480087488889694,0.7957751154899597,0.306363081927221,0.1803808463210279,0.2280115420315193,4,24,18911,4919
2,12,512,1000,0.8,0.0001,0.146058976650238,0.8054651618003845,0.3001672240802676,0.1812664179822317,0.2247054398946871,5,23,19046,4784
2,12,1024,400,0.8,0.0001,0.1409610360860824,0.8481667041778564,0.296875,0.1691447343525035,0.2161168420924588,1,41,19094,4736
2,12,1024,400,0.8,0.0001,0.1608832776546478,0.7629150152206421,0.3168955472326258,0.1910503449773973,0.2374691268758561,2,42,19024,4806
2,12,1024,400,0.8,0.0001,0.1478317081928253,0.7570987343788147,0.3050739957716702,0.1787790582190828,0.2253347575190031,3,40,19100,4730
2,12,1024,400,0.8,0.0001,0.1549832224845886,0.7849655151367188,0.3053533190578158,0.1887601472259907,0.2323830611440409,4,40,19160,4670
2,12,1024,400,0.8,0.0001,0.1484789848327636,0.8063601851463318,0.290073145245559,0.1761577187707609,0.2184438781827366,5,40,19045,4785
2,12,1024,600,0.8,0.0001,0.140530914068222,0.8499845266342163,0.2949746621621621,0.1698453239133266,0.2160428826716752,1,33,19094,4736
2,12,1024,600,0.8,0.0001,0.160063087940216,0.7637171149253845,0.3137744486059093,0.1906239910006729,0.2361284416529193,2,33,19024,4806
2,12,1024,600,0.8,0.0001,0.1459546983242035,0.7572401165962219,0.3078224101479915,0.1773312421429064,0.2259388935247859,3,32,19100,4730
2,12,1024,600,0.8,0.0001,0.1533049345016479,0.7854827642440796,0.310492505353319,0.1888203787577134,0.2338483798773755,4,32,19160,4670
2,12,1024,600,0.8,0.0001,0.148416519165039,0.8076560497283936,0.2940438871473354,0.1761997245757206,0.2195133693757885,5,31,19045,4785
2,12,1024,800,0.8,0.0001,0.1526628732681274,0.816535472869873,0.311383464894059,0.1838135448176741,0.2314554133572182,1,27,19016,4814
2,12,1024,800,0.8,0.0001,0.1453240066766739,0.8106725215911865,0.3023401587964898,0.1784076019406768,0.226755417705863,2,28,19044,4786
2,12,1024,800,0.8,0.0001,0.1534482687711715,0.7763951420783997,0.3057538849223015,0.1915193768885455,0.2341449983822864,3,28,19068,4762
2,12,1024,800,0.8,0.0001,0.1480642110109329,0.7972618341445923,0.3064107971320118,0.1842055150300063,0.2296197215876149,4,28,19088,4742
2,12,1024,800,0.8,0.0001,0.1472454369068145,0.7928301692008972,0.3098063710181137,0.1848217374281291,0.2323300064956291,5,27,19027,4803
2,12,1024,1000,0.8,0.0001,0.1513145864009857,0.8176245093345642,0.3088907353552139,0.1834115438899232,0.231137081583709,1,24,19016,4814
2,12,1024,1000,0.8,0.0001,0.1442718356847763,0.812066376209259,0.3048474717927288,0.1788463163662646,0.2267044364771803,2,24,19044,4786
2,12,1024,1000,0.8,0.0001,0.1528097093105316,0.7778230905532837,0.3053338933221335,0.1890055510636093,0.2330304818910774,3,23,19068,4762
2,12,1024,1000,0.8,0.0001,0.145860880613327,0.7987205982208252,0.3019822859552931,0.1825194627859914,0.2276507965282755,4,24,19088,4742
2,12,1024,1000,0.8,0.0001,0.1468057036399841,0.7955910563468933,0.3021028523839267,0.1823592180311956,0.229347054195237,5,24,19027,4803
3,8,256,400,0.8,0.0001,0.1539579778909683,1.3792932033538818,0.3047598535429679,0.1812254178243562,0.2268217599006173,1,43,19187,4643
3,8,256,400,0.8,0.0001,0.1524256020784378,1.41339910030365,0.319633730834753,0.188066066502609,0.2373096312358681,2,44,19134,4696
3,8,256,400,0.8,0.0001,0.1544646620750427,1.3973000049591064,0.3115514333895446,0.1811068471889342,0.2292698886949971,3,45,19086,4744
3,8,256,400,0.8,0.0001,0.1559405922889709,1.3972991704940796,0.3159890457130819,0.1835700202897492,0.2309659262382212,4,45,19083,4747
3,8,256,400,0.8,0.0001,0.1509838998317718,1.4086880683898926,0.3091219824823755,0.1833892300752769,0.2283873052356224,5,44,19149,4681
3,8,256,600,0.8,0.0001,0.1539579778909683,1.380695939064026,0.3049752315313375,0.1804183878350256,0.2260724379188391,1,33,19187,4643
3,8,256,600,0.8,0.0001,0.1516442894935608,1.4140747785568235,0.3194207836456559,0.18608854098987,0.2367616404072459,2,34,19134,4696
3,8,256,600,0.8,0.0001,0.1539709419012069,1.398997783660889,0.3157672849915683,0.181694762565026,0.2312717020273907,3,34,19086,4744
3,8,256,600,0.8,0.0001,0.1538189500570297,1.399120569229126,0.3119865178007162,0.1817968188987104,0.2287749004666928,4,34,19083,4747
3,8,256,600,0.8,0.0001,0.149194985628128,1.4112434387207031,0.3093356120487075,0.1821406499384484,0.2289367824479878,5,35,19149,4681
3,8,256,800,0.8,0.0001,0.1518499702215194,1.3857840299606323,0.3023906956709024,0.1782483007204433,0.2242131391590552,1,26,19187,4643
3,8,256,800,0.8,0.0001,0.149939626455307,1.418379783630371,0.3158006814310051,0.1830260922119286,0.2328407903405957,2,28,19134,4696
3,8,256,800,0.8,0.0001,0.1534066796302795,1.4048702716827393,0.3128161888701518,0.1815685937942617,0.2303313801120666,3,28,19086,4744
3,8,256,800,0.8,0.0001,0.1540311127901077,1.4043376445770264,0.3115651990730988,0.1826328142881096,0.2300647263415269,4,27,19083,4747
3,8,256,800,0.8,0.0001,0.1479069739580154,1.41533362865448,0.3097628711813715,0.1810837697628085,0.2277887034655473,5,28,19149,4681
3,8,256,1000,0.8,0.0001,0.1510503739118576,1.3934732675552368,0.3060521214731854,0.1780573536317645,0.2241820152855323,1,24,19187,4643
3,8,256,1000,0.8,0.0001,0.1493003815412521,1.4242101907730105,0.3151618398637138,0.1840818427291718,0.2333459143179322,2,24,19134,4696
3,8,256,1000,0.8,0.0001,0.1505148857831955,1.4096345901489258,0.3062816188870151,0.1810330635189657,0.2291001277377885,3,24,19086,4744
3,8,256,1000,0.8,0.0001,0.1521216332912445,1.4080740213394165,0.3077733305245418,0.1800649805758705,0.2272441462432283,4,23,19083,4747
3,8,256,1000,0.8,0.0001,0.1485509872436523,1.4203944206237793,0.3080538346507157,0.1824543613653864,0.2288827137584081,5,24,19149,4681
3,8,512,400,0.8,0.0001,0.148193821310997,1.413619875907898,0.3029583243359965,0.1844923047688702,0.2286950749931985,1,44,19199,4631
3,8,512,400,0.8,0.0001,0.1464856117963791,1.3897972106933594,0.2961967755270773,0.1733025083515734,0.217487013857749,2,45,18992,4838
3,8,512,400,0.8,0.0001,0.1453738212585449,1.3846356868743896,0.3039154754505904,0.1757274145241068,0.2246108735144089,3,43,19003,4827
3,8,512,400,0.8,0.0001,0.1423117667436599,1.4041762351989746,0.307450816241105,0.1745983875861025,0.2237004354146118,4,42,19052,4778
3,8,512,400,0.8,0.0001,0.1481560617685318,1.404371738433838,0.3060965283657917,0.1763291663680758,0.2250478705325979,5,44,19106,4724
3,8,512,600,0.8,0.0001,0.14739590883255,1.413633942604065,0.3061973655797884,0.1841364243565255,0.2291835260663166,1,34,19199,4631
3,8,512,600,0.8,0.0001,0.1447970122098922,1.3893495798110962,0.3015708970649028,0.1738296188060663,0.2202034654676937,2,33,18992,4838
3,8,512,600,0.8,0.0001,0.1460080295801162,1.3845374584197998,0.3059871555831779,0.1763724299410031,0.2241130894023078,3,34,19003,4827
3,8,512,600,0.8,0.0001,0.1421703845262527,1.4031282663345337,0.3110087902888238,0.1777670751925658,0.2261552630352827,4,34,19052,4778
3,8,512,600,0.8,0.0001,0.1507190614938736,1.401256442070007,0.3069432684165961,0.1774062919167999,0.2255744929032155,5,33,19106,4724
3,8,512,800,0.8,0.0001,0.1467430740594864,1.4151604175567627,0.3092204707406608,0.1830802308025064,0.2296717745322216,1,28,19199,4631
3,8,512,800,0.8,0.0001,0.1440230756998062,1.389714598655701,0.3038445638693675,0.1738143309776053,0.2212550175201525,2,28,18992,4838
3,8,512,800,0.8,0.0001,0.1443168222904205,1.3861440420150757,0.308473171742283,0.1729855381686367,0.223481059064335,3,28,19003,4827
3,8,512,800,0.8,0.0001,0.1411099284887313,1.4053072929382324,0.3107994976977815,0.1758105679932386,0.2258408118904659,4,28,19052,4778
3,8,512,800,0.8,0.0001,0.1479424685239792,1.4033455848693848,0.3060965283657917,0.1765801590566952,0.2247168534723975,5,29,19106,4724
3,8,512,1000,0.8,0.0001,0.1481212824583053,1.4182281494140625,0.3115957676527748,0.1833672421032273,0.230053586588089,1,25,19199,4631
3,8,512,1000,0.8,0.0001,0.1430380642414093,1.3930730819702148,0.2966101694915254,0.1707483159566018,0.2167119893554262,2,24,18992,4838
3,8,512,1000,0.8,0.0001,0.1441054195165634,1.3902194499969482,0.3041226434638492,0.17331169619091,0.2224596199600594,3,25,19003,4827
3,8,512,1000,0.8,0.0001,0.1401201784610748,1.4074853658676147,0.3097530347425701,0.1737490229675857,0.2240808940117453,4,24,19052,4778
3,8,512,1000,0.8,0.0001,0.148725613951683,1.4074889421463013,0.3094834885690093,0.1757384216181498,0.2237688309751663,5,25,19106,4724
3,8,1024,400,0.8,0.0001,0.1564131528139114,1.442466139793396,0.3132709485325393,0.1867425148562105,0.2330320749242188,1,42,19128,4702
3,8,1024,400,0.8,0.0001,0.1499220579862594,1.4116520881652832,0.3061525495153814,0.1786125008799898,0.2255152430224593,2,43,19084,4746
3,8,1024,400,0.8,0.0001,0.1482607424259185,1.4144788980484009,0.3122895622895623,0.1792770059830418,0.2293510721308833,3,44,19078,4752
3,8,1024,400,0.8,0.0001,0.1599971801042556,1.4445745944976809,0.3136044283585267,0.1899423589816922,0.2355717095497509,4,43,19133,4697
3,8,1024,400,0.8,0.0001,0.1522102952003479,1.4409010410308838,0.3144772679656401,0.1885332243322381,0.2371407999652137,5,43,19057,4773
3,8,1024,600,0.8,0.0001,0.1564131528139114,1.4421111345291138,0.3134836239897915,0.1874045654033883,0.2343605012699731,1,33,19128,4702
3,8,1024,600,0.8,0.0001,0.1497803628444671,1.4068535566329956,0.3120522545301306,0.1774973093570863,0.2259559793064588,2,33,19084,4746
3,8,1024,600,0.8,0.0001,0.1488970518112182,1.4142104387283323,0.3093434343434343,0.1808142116366584,0.2295296165685572,3,35,19078,4752
3,8,1024,600,0.8,0.0001,0.1592235714197158,1.4412181377410889,0.3161592505854801,0.1893784175809922,0.237031129115868,4,33,19133,4697
3,8,1024,600,0.8,0.0001,0.1517919450998306,1.4384961128234863,0.3169914100146658,0.1905946656675652,0.2392360431444544,5,33,19057,4773
3,8,1024,800,0.8,0.0001,0.1565542519092559,1.4425616264343262,0.3124202467035304,0.1861493174298442,0.2332358993932577,1,27,19128,4702
3,8,1024,800,0.8,0.0001,0.1509139835834503,1.4105905294418335,0.3088916982722292,0.1789060842950529,0.2268891219845569,2,28,19084,4746
3,8,1024,800,0.8,0.0001,0.1479072421789169,1.414629340171814,0.3114478114478115,0.1802454263681523,0.23025851910209,3,29,19078,4752
3,8,1024,800,0.8,0.0001,0.1586609482765197,1.4417860507965088,0.3133915265062806,0.1889882747082951,0.2355431793718318,4,28,19133,4697
3,8,1024,800,0.8,0.0001,0.1516524851322174,1.4381908178329468,0.3205531112507856,0.1925301838191535,0.2415457810078457,5,28,19057,4773
3,8,1024,1000,0.8,0.0001,0.1578241884708404,1.444521427154541,0.3094427903019991,0.1861159040308731,0.2317071711735625,1,24,19128,4702
3,8,1024,1000,0.8,0.0001,0.1477965116500854,1.4153715372085571,0.3078381795195954,0.176649560488428,0.2243663318850646,2,25,19084,4746
3,8,1024,1000,0.8,0.0001,0.1491091698408126,1.4158868789672852,0.3141835016835017,0.18224171339858,0.2320024357024144,3,25,19078,4752
3,8,1024,1000,0.8,0.0001,0.1573950350284576,1.445664644241333,0.3161592505854801,0.1897503636163235,0.2358175785081733,4,25,19133,4697
3,8,1024,1000,0.8,0.0001,0.1500488072633743,1.4420673847198486,0.320134087575948,0.1905715143151246,0.2402435278904398,5,25,19057,4773
3,10,256,400,0.8,0.0001,0.14885875582695,1.0322439670562744,0.3205560235888795,0.1826167187355279,0.2327534742473792,1,44,19082,4748
3,10,256,400,0.8,0.0001,0.1524189859628677,1.0489503145217896,0.3225873544093178,0.1907025055396032,0.2400093707861903,2,41,19022,4808
3,10,256,400,0.8,0.0001,0.1525445580482483,1.038416862487793,0.3116076970825574,0.1856631402273015,0.2310482223064028,3,43,18997,4833
3,10,256,400,0.8,0.0001,0.1552582085132599,0.973607063293457,0.3188405797101449,0.1877089617999947,0.2354970095767767,4,44,19069,4761
3,10,256,400,0.8,0.0001,0.1530189663171768,1.0190106630325315,0.3186743148502231,0.1883085805145026,0.2367690047972175,5,42,19123,4707
3,10,256,600,0.8,0.0001,0.1479986757040023,1.033569097518921,0.3167649536647009,0.1826827215538223,0.2311226027148452,1,31,19082,4748
3,10,256,600,0.8,0.0001,0.1505507975816726,1.0530925989151,0.3215474209650582,0.1897811625988236,0.2377916676102557,2,33,19022,4808
3,10,256,600,0.8,0.0001,0.1494445949792862,1.0387656688690186,0.3107800537968135,0.1828768367855055,0.2307667427980466,3,31,18997,4833
3,10,256,600,0.8,0.0001,0.1542495936155319,0.9742688536643982,0.320310859063222,0.1854521156929854,0.2335766162106107,4,32,19069,4761
3,10,256,600,0.8,0.0001,0.1528185904026031,1.0218967199325562,0.3203739111960909,0.1879176446317328,0.2366987638275309,5,32,19123,4707
3,10,256,800,0.8,0.0001,0.1465431749820709,1.0386497974395752,0.3188711036225779,0.1825905355289573,0.232634066624006,1,27,19082,4748
3,10,256,800,0.8,0.0001,0.1504863798618316,1.056697964668274,0.3211314475873544,0.188680293976775,0.2368342301291555,2,27,19022,4808
3,10,256,800,0.8,0.0001,0.1497675031423568,1.043480634689331,0.3105731429753776,0.1835884750781466,0.2297562211495767,3,27,18997,4833
3,10,256,800,0.8,0.0001,0.1524341106414795,0.9780853986740112,0.3209409787859693,0.1856075661621303,0.2336061417088874,4,26,19069,4761
3,10,256,800,0.8,0.0001,0.1507480591535568,1.0264099836349487,0.3201614616528574,0.1860519175378526,0.237105786006929,5,26,19123,4707
3,10,256,1000,0.8,0.0001,0.1460139006376266,1.0417962074279783,0.3184498736310025,0.1806872870952893,0.2303812755917355,1,22,19082,4748
3,10,256,1000,0.8,0.0001,0.1490046977996826,1.0621033906936646,0.3150998336106489,0.185526732333654,0.2337799042127481,2,23,19022,4808
3,10,256,1000,0.8,0.0001,0.1500904113054275,1.0483454465866089,0.3058141940823505,0.1819234530858182,0.2282841414207977,3,22,18997,4833
3,10,256,1000,0.8,0.0001,0.1518961787223816,0.984254777431488,0.3209409787859693,0.183353351048742,0.2325156142948559,4,23,19069,4761
3,10,256,1000,0.8,0.0001,0.149545818567276,1.0296289920806885,0.3159124707881878,0.1843724373214575,0.233099405546145,5,22,19123,4707
3,10,512,400,0.8,0.0001,0.1481160372495651,0.9877724051475524,0.305254378648874,0.1761332286079029,0.2238203492280516,1,42,19034,4796
3,10,512,400,0.8,0.0001,0.1549795418977737,0.97722727060318,0.3193884051815672,0.1842563650273939,0.2339328999487652,2,44,19121,4709
3,10,512,400,0.8,0.0001,0.1465380489826202,1.0431184768676758,0.3065987693613409,0.180225803577532,0.2280573042873503,3,41,19117,4713
3,10,512,400,0.8,0.0001,0.1566895395517349,0.9757488369941713,0.3148577449947313,0.1838220051632249,0.2312120372820814,4,42,19085,4745
3,10,512,400,0.8,0.0001,0.1426724791526794,1.0060664415359497,0.3063063063063063,0.1786353430168853,0.2270333640258527,5,42,19168,4662
3,10,512,600,0.8,0.0001,0.1473824679851532,0.9874131083488464,0.3079649708090075,0.1776300647577539,0.2267719495098393,1,33,19034,4796
3,10,512,600,0.8,0.0001,0.1551159620285034,0.9774172306060792,0.3159906561902739,0.1853124961914814,0.2335874794527399,2,33,19121,4709
3,10,512,600,0.8,0.0001,0.1451506316661834,1.0451022386550903,0.3091449183110545,0.1806274124329662,0.2289482650362756,3,34,19117,4713
3,10,512,600,0.8,0.0001,0.1549908220767974,0.9758535623550416,0.3169652265542677,0.1832516074071876,0.233225964870609,4,33,19085,4745
3,10,512,600,0.8,0.0001,0.1423322856426239,1.0044173002243042,0.311025311025311,0.1799538974507648,0.2304095414322476,5,32,19168,4662
3,10,512,800,0.8,0.0001,0.1459819972515106,0.9902856945991516,0.3090075062552126,0.1755842253526971,0.2256652621178712,1,28,19034,4796
3,10,512,800,0.8,0.0001,0.1534106433391571,0.9780183434486388,0.319600764493523,0.1841984716141689,0.2349166502569258,2,27,19121,4709
3,10,512,800,0.8,0.0001,0.1434989422559738,1.045180082321167,0.3068109484404838,0.1790389160250799,0.2274984160019595,3,27,19117,4713
3,10,512,800,0.8,0.0001,0.1531562209129333,0.9781153202056884,0.3207586933614331,0.181706300350686,0.2323357936935884,4,27,19085,4745
3,10,512,800,0.8,0.0001,0.1437610536813736,1.0073668956756592,0.3116688116688116,0.1807330510817171,0.2300359550948487,5,27,19168,4662
3,10,512,1000,0.8,0.0001,0.1457152366638183,0.9906944632530212,0.3096330275229357,0.1778735258816056,0.2266071752338067,1,23,19034,4796
3,10,512,1000,0.8,0.0001,0.1525238752365112,0.982193648815155,0.3189636865576555,0.1861592617022819,0.2361298056240788,2,24,19121,4709
3,10,512,1000,0.8,0.0001,0.1438292860984802,1.0488300323486328,0.307659664757055,0.1784828990669961,0.2275282049194245,3,23,19117,4713
3,10,512,1000,0.8,0.0001,0.1509818583726883,0.9817994236946106,0.3184404636459431,0.1809642942139186,0.2319277397216137,4,25,19085,4745
3,10,512,1000,0.8,0.0001,0.1410395950078964,1.0116362571716309,0.3078078078078078,0.1784953873622238,0.2271036462367056,5,25,19168,4662
3,10,1024,400,0.8,0.0001,0.1432746648788452,1.0290216207504272,0.2953444280598272,0.1736199920526051,0.2193537200559442,1,42,19083,4747
3,10,1024,400,0.8,0.0001,0.1476174890995025,1.05182945728302,0.3181239388794567,0.1849377276638696,0.2343192075835485,2,44,19118,4712
3,10,1024,400,0.8,0.0001,0.1503694355487823,1.0218009948730469,0.3046792293034088,0.1824017887226782,0.2265987465304844,3,43,19107,4723
3,10,1024,400,0.8,0.0001,0.1514505445957183,1.0380027294158936,0.3158549222797927,0.1884720017199206,0.2376529357129047,4,42,19005,4825
3,10,1024,400,0.8,0.0001,0.1522054970264434,1.0086215734481812,0.3096814232519652,0.1862334462625182,0.2324743132849216,5,42,18996,4834
3,10,1024,600,0.8,0.0001,0.144735962152481,1.0275115966796875,0.3001895934274278,0.174798052715416,0.2214143106992415,1,33,19083,4747
3,10,1024,600,0.8,0.0001,0.1507722586393356,1.0491009950637815,0.3208828522920203,0.1876000774530877,0.2366278279331834,2,33,19118,4712
3,10,1024,600,0.8,0.0001,0.1510350853204727,1.0206000804901123,0.3093372856235443,0.1839133942391568,0.2293778280212728,3,33,19107,4723
3,10,1024,600,0.8,0.0001,0.1514505445957183,1.038482427597046,0.3158549222797927,0.1889735756053071,0.2383052180125023,4,33,19005,4825
3,10,1024,600,0.8,0.0001,0.155573159456253,1.007288932800293,0.3160943318163012,0.1904198376058003,0.2351371858947143,5,33,18996,4834
3,10,1024,800,0.8,0.0001,0.1418797671794891,1.0308910608291626,0.3006109121550453,0.172441120404956,0.2186103596778265,1,29,19083,4747
3,10,1024,800,0.8,0.0001,0.1502464711666107,1.0518343448638916,0.3179117147707979,0.1868167728533956,0.2362362464348447,2,28,19118,4712
3,10,1024,800,0.8,0.0001,0.1503694355487823,1.020869493484497,0.3095490154562778,0.1859837192957459,0.2308336918379536,3,27,19107,4723
3,10,1024,800,0.8,0.0001,0.1499644666910171,1.0392509698867798,0.3204145077720207,0.189063181519052,0.240252846017015,4,28,19005,4825
3,10,1024,800,0.8,0.0001,0.1543845683336258,1.009498953819275,0.3148531237070749,0.188397509042369,0.2359625493963645,5,28,18996,4834
3,10,1024,1000,0.8,0.0001,0.1411491185426712,1.03127920627594,0.3006109121550453,0.1719517169649518,0.2194514092785601,1,24,19083,4747
3,10,1024,1000,0.8,0.0001,0.1480775624513626,1.052762746810913,0.316213921901528,0.1875510859820647,0.2372992338868445,2,24,19118,4712
3,10,1024,1000,0.8,0.0001,0.1482393592596054,1.024545669555664,0.3133601524454795,0.1826589270908667,0.2314312398910637,3,24,19107,4723
3,10,1024,1000,0.8,0.0001,0.1489952802658081,1.0397512912750244,0.3185492227979274,0.1871551002295001,0.2375441048555315,4,24,19005,4825
3,10,1024,1000,0.8,0.0001,0.1526016891002655,1.0116134881973269,0.3125775755068266,0.1884318966301707,0.2341080602489426,5,24,18996,4834
3,12,256,400,0.8,0.0001,0.1513688564300537,0.739707887172699,0.3179095228258624,0.1790076629313512,0.2294395701499332,1,42,18989,4841
3,12,256,400,0.8,0.0001,0.1432774662971496,0.779654324054718,0.3140848071595994,0.1784523694129282,0.2291323604896724,2,41,19137,4693
3,12,256,400,0.8,0.0001,0.1419374942779541,0.8014614582061768,0.311078348778433,0.1800151663970242,0.228114736138586,3,43,19082,4748
3,12,256,400,0.8,0.0001,0.1460291892290115,0.7992727160453796,0.3158554418216002,0.1795686057960661,0.2304191540994214,4,43,19043,4787
3,12,256,400,0.8,0.0001,0.1499533206224441,0.7850867509841919,0.3311092577147623,0.1951312331738843,0.2460992841752387,5,42,19034,4796
3,12,256,600,0.8,0.0001,0.1486374884843826,0.7430281043052673,0.3224540384218137,0.1792341443969326,0.2301037565716799,1,32,18989,4841
3,12,256,600,0.8,0.0001,0.1435972899198532,0.7826529741287231,0.312806307266141,0.1780462037523227,0.2275516815453778,2,33,19137,4693
3,12,256,600,0.8,0.0001,0.1424999982118606,0.8032816052436829,0.3169755686604886,0.1811348792287157,0.2305676090229743,3,33,19082,4748
3,12,256,600,0.8,0.0001,0.1450395882129669,0.8003417253494263,0.3154376436181324,0.1800313794564141,0.2305066815580994,4,31,19043,4787
3,12,256,600,0.8,0.0001,0.1475879251956939,0.7878965735435486,0.3336113427856547,0.1943951371220162,0.247281185140344,5,31,19034,4796
3,12,256,800,0.8,0.0001,0.1485700160264969,0.7791562080383301,0.3236386138613861,0.1847450535244856,0.2349674166169389,1,24,18982,4848
3,12,256,800,0.8,0.0001,0.1516720503568649,0.7823136448860168,0.3219611848825332,0.1817583083073398,0.2333257548003396,2,26,18935,4895
3,12,256,800,0.8,0.0001,0.1447302103042602,0.790626049041748,0.3197538722681943,0.1827175335195114,0.233876752294826,3,25,19117,4713
3,12,256,800,0.8,0.0001,0.1471151411533355,0.7563585042953491,0.3078362086884224,0.1795973868243028,0.226444423467989,4,25,19019,4811
3,12,256,800,0.8,0.0001,0.140290692448616,0.8109005093574524,0.3116474291710388,0.1769335356307735,0.2284593300017415,5,25,19065,4765
3,12,256,1000,0.8,0.0001,0.1480128765106201,0.7829163074493408,0.3207508250825082,0.1841927864483366,0.233689081346704,1,21,18982,4848
3,12,256,1000,0.8,0.0001,0.1504537910223007,0.786350667476654,0.318896833503575,0.1798359214417333,0.2298701559588252,2,22,18935,4895
3,12,256,1000,0.8,0.0001,0.1438477039337158,0.795076847076416,0.3167833651601952,0.1827285989784044,0.2319706844860104,3,22,19117,4713
3,12,256,1000,0.8,0.0001,0.1463492512702942,0.7611659169197083,0.3051340677613802,0.17864914880333,0.224901198910039,4,23,19019,4811
3,12,256,1000,0.8,0.0001,0.1392302364110946,0.8158151507377625,0.3116474291710388,0.1761073141256383,0.2271207736949277,5,22,19065,4765
3,12,512,400,0.8,0.0001,0.1527242362499237,0.7341116666793823,0.3163499686782209,0.1882995570097139,0.2361362452971137,1,42,19041,4789
3,12,512,400,0.8,0.0001,0.145995482802391,0.7719826698303223,0.3110555902560899,0.180672353457044,0.2288084601169991,2,41,19027,4803
3,12,512,400,0.8,0.0001,0.1550474017858505,0.8011067509651184,0.3182105929520996,0.1879885412529449,0.2357356585026767,3,42,19091,4739
3,12,512,400,0.8,0.0001,0.1488016247749328,0.7785938382148743,0.3140931114388035,0.1841094794701963,0.2331935630067447,4,39,19083,4747
3,12,512,400,0.8,0.0001,0.1521220505237579,0.7888818979263306,0.3217758985200846,0.1852890093962167,0.237033845697719,5,42,19100,4730
3,12,512,600,0.8,0.0001,0.1547802686691284,0.7340397238731384,0.3194821465859261,0.1895620875728152,0.236819414195342,1,32,19041,4789
3,12,512,600,0.8,0.0001,0.1455561071634292,0.7722348570823669,0.3158442640016656,0.1821879779967363,0.2299716236919027,2,32,19027,4803
3,12,512,600,0.8,0.0001,0.1540558934211731,0.8022221922874451,0.3198987128086094,0.1884988566666671,0.2364183139553738,3,33,19091,4739
3,12,512,600,0.8,0.0001,0.1481059938669204,0.7788519263267517,0.3126184958921424,0.1827889832507872,0.231688594908541,4,33,19083,4747
3,12,512,600,0.8,0.0001,0.1520592719316482,0.788922131061554,0.321353065539112,0.1873353296417659,0.2376181324063111,5,31,19100,4730
3,12,512,800,0.8,0.0001,0.1489281505346298,0.7721832394599915,0.3173903922802601,0.1844419010953351,0.2333208212084142,1,27,19063,4767
3,12,512,800,0.8,0.0001,0.1413807868957519,0.7727018594741821,0.3087641357027463,0.1732379326997649,0.2226126867677547,2,28,18878,4952
3,12,512,800,0.8,0.0001,0.1445499211549759,0.7586418986320496,0.3194036119277614,0.1781125387454942,0.2290620620538151,3,27,19068,4762
3,12,512,800,0.8,0.0001,0.1515207439661026,0.7982009649276733,0.31625,0.185039722605754,0.2339956153673084,4,26,19030,4800
3,12,512,800,0.8,0.0001,0.1469414085149765,0.7526038885116577,0.3208263069139966,0.1834637554529866,0.2355398055394662,5,27,19086,4744
3,12,512,1000,0.8,0.0001,0.1477965712547302,0.7757071852684021,0.31529263687854,0.1841377697864197,0.2328683726099407,1,24,19063,4767
3,12,512,1000,0.8,0.0001,0.1413807868957519,0.7745466828346252,0.3031098546042003,0.1728765957042161,0.2205121913875961,2,23,18878,4952
3,12,512,1000,0.8,0.0001,0.1444225013256073,0.7612142562866211,0.3126837463250735,0.1773965172096244,0.227556131135846,3,23,19068,4762
3,12,512,1000,0.8,0.0001,0.1494930833578109,0.799835741519928,0.319375,0.1861566904681504,0.2351626826371683,4,23,19030,4800
3,12,512,1000,0.8,0.0001,0.1467482298612594,0.7536739110946655,0.3214586846543001,0.1844792713786922,0.2361440617654139,5,23,19086,4744
3,12,1024,400,0.8,0.0001,0.1430299878120422,0.8019329905509949,0.3118507525969896,0.1802092614218376,0.2292181779832501,1,41,19113,4717
3,12,1024,400,0.8,0.0001,0.1374136060476303,0.7792667746543884,0.3126662574176386,0.1776502603614529,0.2261382246062506,2,41,18943,4887
3,12,1024,400,0.8,0.0001,0.1455444246530532,0.7581585049629211,0.3103664921465968,0.1833964135711743,0.2305830111901654,3,42,19055,4775
3,12,1024,400,0.8,0.0001,0.1543169617652893,0.7160179018974304,0.3145412939463283,0.186275647421891,0.2336881439994511,4,41,19023,4807
3,12,1024,400,0.8,0.0001,0.147095650434494,0.7635976672172546,0.3319579121105838,0.1875510013316364,0.2393201348769971,5,42,18983,4847
3,12,1024,600,0.8,0.0001,0.145768329501152,0.8005631566047668,0.3141827432690269,0.181200829088681,0.2315963770507595,1,31,19113,4717
3,12,1024,600,0.8,0.0001,0.1387211233377456,0.7788603901863098,0.3112338858195211,0.1794896625865692,0.2278706434946724,2,32,18943,4887
3,12,1024,600,0.8,0.0001,0.1441961973905563,0.7585148811340332,0.3143455497382199,0.1843376256261025,0.2329891984279903,3,33,19055,4775
3,12,1024,600,0.8,0.0001,0.1556192189455032,0.7158559560775757,0.3164135635531516,0.1884451054186674,0.2345006076147942,4,32,19023,4807
3,12,1024,600,0.8,0.0001,0.1474086195230484,0.7630510926246643,0.3282442748091603,0.1871981539311912,0.2391559695828144,5,32,18983,4847
3,12,1024,800,0.8,0.0001,0.1541805863380432,0.7738109827041626,0.3184287505223568,0.188852887221169,0.2350942338355249,1,27,19044,4786
3,12,1024,800,0.8,0.0001,0.1513392031192779,0.7595488429069519,0.3052997749130345,0.1861037432786044,0.2332064358025674,2,27,18943,4887
3,12,1024,800,0.8,0.0001,0.1417130678892135,0.7847418189048767,0.3065979381443299,0.1782097813084537,0.2245923020659777,3,27,18980,4850
3,12,1024,800,0.8,0.0001,0.1528863161802292,0.7888635993003845,0.3096500530222693,0.1865249932475439,0.2318731836112688,4,27,19115,4715
3,12,1024,800,0.8,0.0001,0.1446811258792877,0.7839322686195374,0.3220663265306122,0.187693450585976,0.237058304744952,5,27,19126,4704
3,12,1024,1000,0.8,0.0001,0.1517232656478881,0.7767770886421204,0.3161303802758044,0.1861889228044256,0.2331292059552352,1,24,19044,4786
3,12,1024,1000,0.8,0.0001,0.1499656587839126,0.7621859312057495,0.3050951503990178,0.1845121811831052,0.2325208401047695,2,24,18943,4887
3,12,1024,1000,0.8,0.0001,0.1435274928808212,0.7878014445304871,0.3037113402061855,0.1777077057868847,0.2238775907596842,3,24,18980,4850
3,12,1024,1000,0.8,0.0001,0.1516889333724975,0.7909440398216248,0.3083775185577943,0.1862916460138784,0.2318819959154641,4,24,19115,4715
3,12,1024,1000,0.8,0.0001,0.1433979272842407,0.7856559753417969,0.3176020408163265,0.1883447793785449,0.237209631381828,5,24,19126,4704
4,8,256,400,0.8,0.0001,0.1505135893821716,1.447967290878296,0.313363076269386,0.1818040976662353,0.2301989516145461,1,44,19123,4707
4,8,256,400,0.8,0.0001,0.1568092852830886,1.4177786111831665,0.313671792711186,0.1816514861756243,0.2305495372295702,2,43,19083,4747
4,8,256,400,0.8,0.0001,0.150223895907402,1.419094443321228,0.3069679849340866,0.1808181956519109,0.2267951218373198,3,44,19051,4779
4,8,256,400,0.8,0.0001,0.153518721461296,1.4296865463256836,0.3125,0.1812988604052772,0.2297304161222617,4,44,19158,4672
4,8,256,400,0.8,0.0001,0.1534142792224884,1.3965445756912231,0.3142201834862385,0.184745454090135,0.2314502597809302,5,44,19034,4796
4,8,256,600,0.8,0.0001,0.1477884203195572,1.450020670890808,0.3101763331208838,0.1788108770490423,0.2277516296105747,1,33,19123,4707
4,8,256,600,0.8,0.0001,0.1561101824045181,1.4199559688568115,0.3132504739835686,0.1812643865230117,0.2291909997249446,2,34,19083,4747
4,8,256,600,0.8,0.0001,0.1498040854930877,1.4210118055343628,0.309688219292739,0.1796262439424086,0.229450856001102,3,33,19051,4779
4,8,256,600,0.8,0.0001,0.1538024991750717,1.4311246871948242,0.3163527397260274,0.1849328519309623,0.2339786074135785,4,34,19158,4672
4,8,256,600,0.8,0.0001,0.1501859724521637,1.3988200426101685,0.3188073394495412,0.1831808714976723,0.232813350636847,5,32,19034,4796
4,8,256,800,0.8,0.0001,0.1491160690784454,1.4545122385025024,0.3123008285532186,0.1801516491534193,0.2281203201336026,1,27,19123,4707
4,8,256,800,0.8,0.0001,0.1554809808731079,1.4252835512161257,0.3149357488940383,0.1804635004737679,0.2288727030842562,2,27,19083,4747
4,8,256,800,0.8,0.0001,0.1488944888114929,1.4283325672149658,0.3084327265118226,0.1786929522171409,0.2260711228147917,3,27,19051,4779
4,8,256,800,0.8,0.0001,0.1517451703548431,1.435899019241333,0.3127140410958904,0.1799944853255999,0.2288228981484831,4,28,19158,4672
4,8,256,800,0.8,0.0001,0.1492736339569091,1.4033544063568115,0.3154712260216847,0.1822477897750331,0.2311066549581356,5,27,19034,4796
4,8,256,1000,0.8,0.0001,0.1488365530967712,1.4612913131713867,0.3074144890588485,0.1785343779847884,0.225397377288169,1,23,19123,4707
4,8,256,1000,0.8,0.0001,0.1536633074283599,1.430655837059021,0.3170423425321255,0.178691907969932,0.2297445544566495,2,24,19083,4747
4,8,256,1000,0.8,0.0001,0.1506437212228775,1.430783987045288,0.3059217409499895,0.1778358108574331,0.2244501698722313,3,23,19051,4779
4,8,256,1000,0.8,0.0001,0.1500425636768341,1.441985845565796,0.3125,0.1794414056991212,0.2276112196123637,4,23,19158,4672
4,8,256,1000,0.8,0.0001,0.1505368798971176,1.408686637878418,0.3100500417014178,0.1816689042705645,0.2296730598751149,5,23,19034,4796
4,8,512,400,0.8,0.0001,0.1541722565889358,1.3922837972640991,0.3155909471919531,0.1876470773201155,0.2361787738740633,1,43,19058,4772
4,8,512,400,0.8,0.0001,0.1480371206998825,1.3961377143859863,0.3122095479509928,0.1799869657394714,0.2300500671538136,2,42,19096,4734
4,8,512,400,0.8,0.0001,0.1569667309522628,1.3974707126617432,0.3148796048569665,0.1843584047230835,0.2332622714680414,3,44,18971,4859
4,8,512,400,0.8,0.0001,0.1477904617786407,1.357290506362915,0.3014690227804982,0.1745508414825453,0.2218966354073668,4,44,19133,4697
4,8,512,400,0.8,0.0001,0.146591305732727,1.4400891065597534,0.3083121289228159,0.1772259607432163,0.2245559440564537,5,43,19114,4716
4,8,512,600,0.8,0.0001,0.1531830728054046,1.38921058177948,0.3164291701592623,0.1869091035839098,0.2352821268313682,1,33,19058,4772
4,8,512,600,0.8,0.0001,0.1483226269483566,1.39634370803833,0.3164343050274609,0.1815221829404604,0.232220696580112,2,34,19096,4734
4,8,512,600,0.8,0.0001,0.1547627300024032,1.3980766534805298,0.3196130891129862,0.1849113644768212,0.2340236860866531,3,34,18971,4859
4,8,512,600,0.8,0.0001,0.1472051441669464,1.3569419384002686,0.3038109431552054,0.1750767095869383,0.2236880602019261,4,34,19133,4697
4,8,512,600,0.8,0.0001,0.1480042338371276,1.4386122226715088,0.3074639525021204,0.1793827726866433,0.2268132558604415,5,35,19114,4716
4,8,512,800,0.8,0.0001,0.1506394445896148,1.3951594829559326,0.3155909471919531,0.1839939074384834,0.2338779019052725,1,29,19058,4772
4,8,512,800,0.8,0.0001,0.1495360434055328,1.396256685256958,0.3136882129277566,0.1819411772734994,0.229904166570032,2,28,19096,4734
4,8,512,800,0.8,0.0001,0.1542117297649383,1.4005151987075806,0.3185840707964602,0.1878653821432042,0.2368279096763744,3,29,18971,4859
4,8,512,800,0.8,0.0001,0.1485220938920974,1.358022928237915,0.3072173727911433,0.1756459996006219,0.2238388245448639,4,28,19133,4697
4,8,512,800,0.8,0.0001,0.146450012922287,1.4390121698379517,0.3127650551314673,0.1790997908155069,0.2271957633559669,5,28,19114,4716
4,8,512,1000,0.8,0.0001,0.1512046903371811,1.3974297046661377,0.3158005029337803,0.1815500686146891,0.2318713297691954,1,24,19058,4772
4,8,512,1000,0.8,0.0001,0.1475374698638916,1.3994719982147217,0.3136882129277566,0.1806870850597087,0.2309033299339801,2,24,19096,4734
4,8,512,1000,0.8,0.0001,0.1524898409843444,1.404533624649048,0.3189956781230706,0.1854908528585158,0.2359803171951562,3,25,18971,4859
4,8,512,1000,0.8,0.0001,0.1468393355607986,1.3623305559158323,0.3038109431552054,0.1754659087584772,0.223706835211991,4,25,19133,4697
4,8,512,1000,0.8,0.0001,0.1484987586736679,1.443489909172058,0.3091603053435114,0.1806483581976636,0.2281223402824678,5,25,19114,4716
4,8,1024,400,0.8,0.0001,0.1471060514450073,1.4212312698364258,0.3007471980074719,0.1780085553319828,0.2237798559541588,1,43,19012,4818
4,8,1024,400,0.8,0.0001,0.1501696854829788,1.4097131490707395,0.3081628348449694,0.1822405340256257,0.2297501278306809,2,44,19089,4741
4,8,1024,400,0.8,0.0001,0.1502464711666107,1.451358437538147,0.3098680075424261,0.1835158479616325,0.2304377976631893,3,45,19057,4773
4,8,1024,400,0.8,0.0001,0.1465066969394683,1.429141879081726,0.3073191309850243,0.180397454360644,0.2289931808319541,4,44,19089,4741
4,8,1024,400,0.8,0.0001,0.1509108543395996,1.4325809478759766,0.3077242524916943,0.1838597871895276,0.2291192785533669,5,44,19014,4816
4,8,1024,600,0.8,0.0001,0.1455700695514679,1.4189809560775757,0.3026151930261519,0.1771143551859927,0.2235154227777379,1,34,19012,4818
4,8,1024,600,0.8,0.0001,0.151513010263443,1.4073129892349243,0.3134359839696267,0.1855443294054289,0.233613763391356,2,34,19089,4741
4,8,1024,600,0.8,0.0001,0.1517045050859451,1.4465481042861938,0.3136392206159648,0.1854093097091155,0.2316345765148654,3,33,19057,4773
4,8,1024,600,0.8,0.0001,0.1475652754306793,1.4257937669754028,0.315123391689517,0.184341999978381,0.2320329994219148,4,33,19089,4741
4,8,1024,600,0.8,0.0001,0.1522909253835678,1.4300700426101685,0.303156146179402,0.1861412645670792,0.2307421700569656,5,34,19014,4816
4,8,1024,800,0.8,0.0001,0.1557342112064361,1.4132540225982666,0.3188282742517512,0.1859165020620113,0.2353520706587269,1,29,19119,4711
4,8,1024,800,0.8,0.0001,0.1519133597612381,1.41485857963562,0.3090441491641663,0.1836644811195495,0.2302793650683356,2,28,19164,4666
4,8,1024,800,0.8,0.0001,0.1487121134996414,1.3863787651062012,0.3166144200626959,0.1853428302980891,0.2345405314059247,3,28,19045,4785
4,8,1024,800,0.8,0.0001,0.1498631685972213,1.4049190282821655,0.3215887251761691,0.184027289037771,0.2340623076082154,4,29,19147,4683
4,8,1024,800,0.8,0.0001,0.1508141160011291,1.468502163887024,0.3141912827928114,0.1824242318856978,0.2319051112934143,5,28,18989,4841
4,8,1024,1000,0.8,0.0001,0.1539556086063385,1.41736102104187,0.3171301209934196,0.1863152048188733,0.2358721438514043,1,25,19119,4711
4,8,1024,1000,0.8,0.0001,0.1511913388967514,1.417176604270935,0.3111873124732104,0.1835289467675502,0.2299078932972565,2,25,19164,4666
4,8,1024,1000,0.8,0.0001,0.1476448029279709,1.390097975730896,0.3155694879832811,0.1841264443583271,0.2346328637568486,3,25,19045,4785
4,8,1024,1000,0.8,0.0001,0.1498631685972213,1.4078600406646729,0.3173179585735639,0.1844507304247479,0.2329286874652714,4,26,19147,4683
4,8,1024,1000,0.8,0.0001,0.1476255059242248,1.4713175296783447,0.3183226606073125,0.1803640952431951,0.2320347609596796,5,25,18989,4841
4,10,256,400,0.8,0.0001,0.147819846868515,1.0072044134140017,0.3188733552631579,0.187284952499946,0.2359645572634647,1,43,18966,4864
4,10,256,400,0.8,0.0001,0.1517232358455658,1.0230830907821655,0.3098357246828863,0.1838987701697473,0.2296618397850406,2,44,19021,4809
4,10,256,400,0.8,0.0001,0.15215665102005,1.016154170036316,0.3130269814502529,0.18450628697637,0.2316864060821242,3,42,19086,4744
4,10,256,400,0.8,0.0001,0.1483321040868759,1.0295734405517578,0.3101970865467009,0.1803057111443157,0.2273032428823943,4,42,19162,4668
4,10,256,400,0.8,0.0001,0.1488743126392364,1.0171682834625244,0.3187379265936896,0.1848270781818456,0.2334280084416816,5,42,19171,4659
4,10,256,600,0.8,0.0001,0.1471029072999954,1.0109823942184448,0.3199013157894737,0.184526814634601,0.2346783847641526,1,32,18966,4864
4,10,256,600,0.8,0.0001,0.1510038524866104,1.0229017734527588,0.3110833853191931,0.1812050425962231,0.2287282200667137,2,32,19021,4809
4,10,256,600,0.8,0.0001,0.15215665102005,1.0187673568725586,0.3149241146711636,0.1838395808054407,0.2298308096022904,3,33,19086,4744
4,10,256,600,0.8,0.0001,0.1492717564105987,1.032239317893982,0.3144815766923736,0.1825547990583021,0.2299130505959918,4,32,19162,4668
4,10,256,600,0.8,0.0001,0.1475221365690231,1.01859712600708,0.322172139944194,0.1878965284387032,0.2383416672272456,5,33,19171,4659
4,10,256,800,0.8,0.0001,0.1435029655694961,1.0612318515777588,0.3187863674147963,0.182458796094357,0.2323206115205386,1,27,19018,4812
4,10,256,800,0.8,0.0001,0.1449951380491256,1.0429154634475708,0.3079312487057362,0.1807353624968133,0.2285610590481829,2,26,19001,4829
4,10,256,800,0.8,0.0001,0.1574210822582245,0.9947707653045654,0.3225806451612903,0.1911088667577049,0.2412196227561638,3,27,19087,4743
4,10,256,800,0.8,0.0001,0.1505093723535537,1.0477635860443115,0.3223280423280423,0.1852854284177445,0.2357490053550315,4,26,19105,4725
4,10,256,800,0.8,0.0001,0.1416529417037964,1.0207152366638184,0.3114856429463171,0.1790785194017127,0.2268620674151691,5,26,19024,4806
4,10,256,1000,0.8,0.0001,0.142598807811737,1.0655698776245115,0.3123441396508728,0.1788566777027562,0.2283984129558633,1,21,19018,4812
4,10,256,1000,0.8,0.0001,0.1444120556116104,1.0494019985198977,0.3110374818803065,0.1831764862728304,0.2311979931858144,2,22,19001,4829
4,10,256,1000,0.8,0.0001,0.1539288163185119,1.0028398036956787,0.3206831119544592,0.1888131482960169,0.2386624413587812,3,23,19087,4743
4,10,256,1000,0.8,0.0001,0.1500492990016937,1.0521172285079956,0.3242328042328042,0.1857448245245925,0.2366678061425481,4,22,19105,4725
4,10,256,1000,0.8,0.0001,0.1407309919595718,1.0260741710662842,0.3064918851435705,0.1780823311244363,0.2258813944634002,5,22,19024,4806
4,10,512,400,0.8,0.0001,0.1463829725980758,1.0385559797286987,0.3111064366848969,0.1789406871299537,0.2279971537194745,1,44,19076,4754
4,10,512,400,0.8,0.0001,0.1489545255899429,1.0055893659591677,0.3166177087704574,0.1835973067976898,0.2335268582199615,2,43,19064,4766
4,10,512,400,0.8,0.0001,0.1511111110448837,1.0348159074783323,0.3132706374085684,0.1832817235729784,0.2313995085028407,3,42,19045,4785
4,10,512,400,0.8,0.0001,0.1586270332336425,1.0453320741653442,0.3213678844519966,0.1895963174254474,0.2369212298414433,4,43,19122,4708
4,10,512,400,0.8,0.0001,0.153265506029129,1.0123167037963867,0.3093956953642384,0.1860578244519941,0.2317847066544368,5,44,18998,4832
4,10,512,600,0.8,0.0001,0.1476268470287323,1.0404653549194336,0.3155237694572991,0.1799458106161051,0.2285493177868922,1,34,19076,4754
4,10,512,600,0.8,0.0001,0.1484234929084777,1.0063388347625732,0.3193453629878304,0.1858050360489512,0.2360972564419656,2,33,19064,4766
4,10,512,600,0.8,0.0001,0.1490849703550338,1.0340616703033447,0.3143155694879833,0.1836484733857523,0.2323488322459594,3,32,19045,4785
4,10,512,600,0.8,0.0001,0.1551486551761627,1.0457146167755127,0.3213678844519966,0.1865543613028545,0.2363329126858833,4,33,19122,4708
4,10,512,600,0.8,0.0001,0.1528060436248779,1.012681245803833,0.3091887417218543,0.1845726998865728,0.2310326619186675,5,34,18998,4832
4,10,512,800,0.8,0.0001,0.1452700495719909,1.040723204612732,0.3104753891459823,0.1778173525740348,0.2266062447737147,1,27,19076,4754
4,10,512,800,0.8,0.0001,0.1457683444023132,1.009691596031189,0.3178766261015526,0.1838017097059718,0.2340408302783435,2,28,19064,4766
4,10,512,800,0.8,0.0001,0.1494771242141723,1.0365692377090454,0.3122257053291536,0.1829793688131956,0.2309329425173637,3,27,19045,4785
4,10,512,800,0.8,0.0001,0.1569862812757492,1.0482046604156494,0.3234919286321155,0.1867581959241371,0.2368980241996671,4,27,19122,4708
4,10,512,800,0.8,0.0001,0.1514932662248611,1.0160417556762695,0.3135347682119205,0.1850534367753568,0.2328744106675694,5,28,18998,4832
4,10,512,1000,0.8,0.0001,0.1466448456048965,1.0451672077178955,0.3060580563735801,0.1796782325093585,0.2254578319258417,1,23,19076,4754
4,10,512,1000,0.8,0.0001,0.1464985013008117,1.011332631111145,0.3140998741082669,0.1837005435975144,0.2331738927637883,2,23,19064,4766
4,10,512,1000,0.8,0.0001,0.1495424807071685,1.0395545959472656,0.3113897596656217,0.1816258614740716,0.2289150364063758,3,23,19045,4785
4,10,512,1000,0.8,0.0001,0.1551486551761627,1.0510951280593872,0.3228547153780798,0.1863431852767328,0.2365831980239535,4,24,19122,4708
4,10,512,1000,0.8,0.0001,0.1497866809368133,1.0183722972869873,0.3087748344370861,0.1830290591888488,0.2297299457864059,5,24,18998,4832
4,10,1024,400,0.8,0.0001,0.1451400816440582,1.0347464084625244,0.3069245165315034,0.1817622510907307,0.2285552877352593,1,42,19021,4809
4,10,1024,400,0.8,0.0001,0.1454630494117736,1.0246796607971191,0.3022569078253533,0.173864662608334,0.2205258900841787,2,42,19089,4741
4,10,1024,400,0.8,0.0001,0.1542074829339981,1.018802046775818,0.3160907356370575,0.1893765015339393,0.2358608273305364,3,42,19113,4717
4,10,1024,400,0.8,0.0001,0.1536583751440048,1.0273919105529783,0.3111157542833264,0.1897879514994433,0.2350669461422197,4,42,19044,4786
4,10,1024,400,0.8,0.0001,0.1492775827646255,1.0361331701278689,0.3236479321314952,0.1880833133428437,0.2370539005996397,5,42,19115,4715
4,10,1024,600,0.8,0.0001,0.1450085490942001,1.0334957838058472,0.3127469328342691,0.1821589528206766,0.2308005078734021,1,33,19021,4809
4,10,1024,600,0.8,0.0001,0.14499531686306,1.0235077142715454,0.3016241299303944,0.1737379814935759,0.2212455079482711,2,33,19089,4741
4,10,1024,600,0.8,0.0001,0.1542745977640152,1.0190465450286863,0.3124867500529998,0.1882405907542576,0.2341097750437392,3,34,19113,4717
4,10,1024,600,0.8,0.0001,0.1543841063976287,1.0256986618041992,0.3173840367739239,0.1928593690948158,0.2384843933996563,4,33,19044,4786
4,10,1024,600,0.8,0.0001,0.1503428965806961,1.0358359813690186,0.3268292682926829,0.1889420215237056,0.2380697295269087,5,34,19115,4715
4,10,1024,800,0.8,0.0001,0.1464868038892746,1.016107439994812,0.3181818181818182,0.1819605949347746,0.2315640204317311,1,27,19012,4818
4,10,1024,800,0.8,0.0001,0.1469151079654693,1.0403571128845217,0.3141786383510306,0.1854884570182723,0.2340532828477118,2,28,19027,4803
4,10,1024,800,0.8,0.0001,0.1492537260055542,1.0315709114074707,0.3150599917252792,0.1829431957542984,0.2301834541492863,3,28,18996,4834
4,10,1024,800,0.8,0.0001,0.1428945064544677,1.0484117269515991,0.3109121199500208,0.1810968706187402,0.22949716089521,4,27,19028,4802
4,10,1024,800,0.8,0.0001,0.1460319459438324,1.0514143705368042,0.3108108108108108,0.1813607018629047,0.2300551713559129,5,28,19020,4810
4,10,1024,1000,0.8,0.0001,0.1455045491456985,1.020981788635254,0.3229555832295558,0.1818215093263145,0.2333753563684104,1,25,19012,4818
4,10,1024,1000,0.8,0.0001,0.1482181251049041,1.0416001081466677,0.3141786383510306,0.1843907897989085,0.2338625254181811,2,24,19027,4803
4,10,1024,1000,0.8,0.0001,0.1473718434572219,1.0346206426620483,0.3119569714522134,0.180697610659585,0.2295282165798699,3,25,18996,4834
4,10,1024,1000,0.8,0.0001,0.1419789493083953,1.0511412620544434,0.3102873802582257,0.1807018750780092,0.2283048616097202,4,24,19028,4802
4,10,1024,1000,0.8,0.0001,0.143712967634201,1.0552395582199097,0.3095634095634095,0.1788710227895154,0.2278442756543037,5,25,19020,4810
4,12,256,400,0.8,0.0001,0.1455153226852417,0.7800665497779846,0.3235108398231951,0.1854302816586952,0.2361899441156623,1,41,19079,4751
4,12,256,400,0.8,0.0001,0.1492659002542495,0.7953079342842102,0.3225806451612903,0.1885945541689401,0.2388130542114927,2,41,19087,4743
4,12,256,400,0.8,0.0001,0.1514997482299804,0.771907389163971,0.3284951974386339,0.18877022892815,0.2395562296570667,3,41,19145,4685
4,12,256,400,0.8,0.0001,0.1537292599678039,0.7756959795951843,0.3162013536379018,0.1876504145380068,0.2353948521959145,4,41,19102,4728
4,12,256,400,0.8,0.0001,0.1453514844179153,0.761511504650116,0.311922663802363,0.1779122299681854,0.2276952887264736,5,41,19175,4655
4,12,256,600,0.8,0.0001,0.1462091654539108,0.7833251357078552,0.322247947800463,0.1880306306932641,0.2379085095706568,1,32,19079,4751
4,12,256,600,0.8,0.0001,0.148512989282608,0.7985302209854126,0.3202614379084967,0.1887008654506987,0.2380771659468137,2,32,19087,4743
4,12,256,600,0.8,0.0001,0.1511819958686828,0.7740036845207214,0.3216648879402348,0.1903528526170862,0.2391470349236716,3,32,19145,4685
4,12,256,600,0.8,0.0001,0.1532860547304153,0.7770602703094482,0.3189509306260575,0.1871083922630634,0.234800381778563,4,31,19102,4728
4,12,256,600,0.8,0.0001,0.1434621214866638,0.7636151909828186,0.3061224489795918,0.1772459395627084,0.2262128562295882,5,32,19175,4655
4,12,256,800,0.8,0.0001,0.1494597494602203,0.7680152654647827,0.323850752422181,0.1901649846350215,0.2402453887155078,1,26,18979,4851
4,12,256,800,0.8,0.0001,0.1482250839471817,0.7913202047348022,0.3097725875845113,0.1778203742471823,0.2250968546611902,2,27,18949,4881
4,12,256,800,0.8,0.0001,0.1462779492139816,0.7740586996078491,0.3208104685521317,0.1841981454715501,0.2351874248889595,3,25,19092,4738
4,12,256,800,0.8,0.0001,0.1465965211391449,0.7874457240104675,0.315210355987055,0.1761900542926675,0.2279822507994668,4,26,19195,4635
4,12,256,800,0.8,0.0001,0.1428571492433548,0.7675071954727173,0.3071786310517529,0.1779778825631661,0.2273738711605264,5,25,19038,4792
4,12,256,1000,0.8,0.0001,0.1486478000879287,0.7717450261116028,0.3199340342197485,0.1878963653829105,0.2382265384126412,1,21,18979,4851
4,12,256,1000,0.8,0.0001,0.1448646634817123,0.7928959727287292,0.3085433312845728,0.1749100858277516,0.2217738729121502,2,21,18949,4881
4,12,256,1000,0.8,0.0001,0.1444359719753265,0.7779759764671326,0.3186998733642887,0.1825063148427814,0.2326449797505185,3,21,19092,4738
4,12,256,1000,0.8,0.0001,0.1426188498735427,0.7902799844741821,0.315210355987055,0.1727122742024752,0.2269213687261917,4,22,19195,4635
4,12,256,1000,0.8,0.0001,0.1398081630468368,0.7709143161773682,0.307804674457429,0.1754355226068193,0.2255852014730356,5,22,19038,4792
4,12,512,400,0.8,0.0001,0.1479491889476776,0.8004921078681946,0.3157782059516164,0.1815442716815427,0.2288993765573725,1,43,19159,4671
4,12,512,400,0.8,0.0001,0.150720328092575,0.7528237700462341,0.315365025466893,0.1820313037182094,0.2302455473425878,2,42,19118,4712
4,12,512,400,0.8,0.0001,0.1471758633852005,0.7576085329055786,0.3231707317073171,0.1887478327873727,0.240982528522632,3,42,19074,4756
4,12,512,400,0.8,0.0001,0.1529802978038787,0.7513681054115295,0.3203618005889777,0.1833578251171274,0.2320725230819756,4,42,19076,4754
4,12,512,400,0.8,0.0001,0.1524526327848434,0.7705328464508057,0.3171759747102213,0.1835446075780371,0.2327412411401364,5,42,19085,4745
4,12,512,600,0.8,0.0001,0.1481387913227081,0.8005222678184509,0.3138514236780133,0.1840209927220603,0.2318710071432744,1,31,19159,4671
4,12,512,600,0.8,0.0001,0.1511079519987106,0.7531997561454773,0.3174872665534805,0.1831606653998237,0.2322096567946333,2,32,19118,4712
4,12,512,600,0.8,0.0001,0.1473684161901474,0.7577320337295532,0.3233809924306139,0.1871340342009949,0.2389669352916029,3,31,19074,4756
4,12,512,600,0.8,0.0001,0.1504860520362854,0.7523618936538696,0.3220445940260833,0.1822022910470997,0.2328118281769432,4,33,19076,4754
4,12,512,600,0.8,0.0001,0.1521337032318115,0.7708449363708496,0.3159114857744994,0.1841125347535225,0.2328361954927187,5,32,19085,4745
4,12,512,800,0.8,0.0001,0.1452500373125076,0.8163763880729675,0.3273254609488295,0.1879831621952425,0.2405551038260749,1,27,19003,4827
4,12,512,800,0.8,0.0001,0.1358237415552139,0.8118419051170349,0.3100645967909981,0.1765368619813593,0.2279743744497639,2,25,19031,4799
4,12,512,800,0.8,0.0001,0.1534531563520431,0.7856577038764954,0.3277068752573075,0.1924754980695869,0.2415740970287477,3,27,18972,4858
4,12,512,800,0.8,0.0001,0.1497054696083068,0.7883288264274597,0.3229122954259337,0.1896753338116002,0.2370532551696785,4,27,19064,4766
4,12,512,800,0.8,0.0001,0.1534895747900009,0.7840036749839783,0.3247089262613195,0.188155922916906,0.2376951167389982,5,27,19192,4638
4,12,512,1000,0.8,0.0001,0.1437828540802002,0.8182950019836426,0.3262896208825357,0.1886462865778375,0.2402402100308371,1,23,19003,4827
4,12,512,1000,0.8,0.0001,0.1368084251880645,0.8164690732955933,0.3075640758491352,0.1769848952753013,0.2269180595161846,2,23,19031,4799
4,12,512,1000,0.8,0.0001,0.1518527567386627,0.7892501354217529,0.324825030876904,0.1888679497457335,0.2399894766433772,3,24,18972,4858
4,12,512,1000,0.8,0.0001,0.1494548171758651,0.7902707457542419,0.3220730172052035,0.1898366114349121,0.2387504089928652,4,22,19064,4766
4,12,512,1000,0.8,0.0001,0.1542621701955795,0.7851434350013733,0.328805519620526,0.1873495437920661,0.2371156049151694,5,22,19192,4638
4,12,1024,400,0.8,0.0001,0.1469766199588775,0.7866337299346924,0.3070548236294093,0.1800416479852128,0.2272127595711489,1,42,19124,4706
4,12,1024,400,0.8,0.0001,0.1492266207933426,0.7802684903144836,0.3102873802582257,0.1813114979486014,0.2276060099096277,2,41,19028,4802
4,12,1024,400,0.8,0.0001,0.1473091393709182,0.8128685355186462,0.3114442567567567,0.1817325169434906,0.2285486125948701,3,41,19094,4736
4,12,1024,400,0.8,0.0001,0.1456097364425659,0.7927045822143555,0.3143037708026122,0.1879907190470617,0.2357431917736588,4,40,19083,4747
4,12,1024,400,0.8,0.0001,0.1468993425369262,0.7646281123161316,0.3201879852881079,0.1845421401769939,0.2343526561430963,5,42,18936,4894
4,12,1024,600,0.8,0.0001,0.1457698196172714,0.7864853143692017,0.3121546961325966,0.1803240775357429,0.2295942745831448,1,32,19124,4706
4,12,1024,600,0.8,0.0001,0.1497902125120163,0.7797664999961853,0.3179925031236985,0.1832313580876083,0.2314585302300967,2,32,19028,4802
4,12,1024,600,0.8,0.0001,0.1468085050582885,0.8140091300010681,0.3163006756756756,0.1813598702074056,0.2287779194568732,3,33,19094,4736
4,12,1024,600,0.8,0.0001,0.1456725001335144,0.793147087097168,0.3153570676216558,0.189088951629502,0.2365403677233984,4,32,19083,4747
4,12,1024,600,0.8,0.0001,0.1469616740942001,0.7634502053260803,0.3220269718022068,0.1843504801883264,0.2346065279942361,5,32,18936,4894
4,12,1024,800,0.8,0.0001,0.1407632082700729,0.8143609166145325,0.3095801937567277,0.1778977447950379,0.2272965735018309,1,27,19185,4645
4,12,1024,800,0.8,0.0001,0.1520696580410003,0.7729617357254028,0.3128654970760234,0.1813665091201766,0.2291043864532274,2,27,19042,4788
4,12,1024,800,0.8,0.0001,0.1563624739646911,0.7458652853965759,0.3292042830149065,0.1923429124792967,0.2430532395502969,3,27,19067,4763
4,12,1024,800,0.8,0.0001,0.1477520018815994,0.7907475233078003,0.3078848560700876,0.1804630871438453,0.2279522330673864,4,26,19036,4794
4,12,1024,800,0.8,0.0001,0.1530212014913559,0.8186066150665283,0.3207507380851961,0.191294555207404,0.2390826061880255,5,27,19088,4742
4,12,1024,1000,0.8,0.0001,0.1383623927831649,0.8173505067825317,0.3076426264800861,0.1769175448668612,0.2271389167057899,1,25,19185,4645
4,12,1024,1000,0.8,0.0001,0.1506814807653427,0.7765287160873413,0.3068086883876357,0.1808384876655158,0.2268690585856679,2,24,19042,4788
4,12,1024,1000,0.8,0.0001,0.155077114701271,0.7473592162132263,0.3239554902372454,0.1911410552364689,0.2414941857472032,3,23,19067,4763
4,12,1024,1000,0.8,0.0001,0.1470679640769958,0.7933982610702515,0.310805173133083,0.1792905524890797,0.2280082674800394,4,24,19036,4794
4,12,1024,1000,0.8,0.0001,0.1517955660820007,0.819645345211029,0.3272880641079713,0.1936176135574535,0.2427969930940614,5,23,19088,4742
